# # q/A,10.0fs,20.0fs,30.0fs,40.0fs,50.0fs,60.0fs,70.0fs,80.0fs,90.0fs,100.0fs,110.0
# 
0.00000000,0.00000000,0.00000000,0.00000000,0.00000000,0.00000000,0.00000000,0.00000000,0.00000000,0.00000000,0.00000000,0.00000000
0.00741878,0.00000000,0.00000000,0.00000000,0.00000000,0.00000000,0.00000000,0.00000000,0.00000000,0.00000000,0.00000000,0.00000000
0.01483757,0.00000000,0.00000000,0.00000000,0.00000000,0.00000000,0.00000000,0.00000000,0.00000000,0.00000000,0.00000000,0.00000000
0.02225635,0.00000000,0.00000000,0.00000000,0.00000000,0.00000000,0.00000000,0.00000000,0.00000000,0.00000000,0.00000000,0.00000000
0.02967514,0.00000000,0.00000000,0.00000000,0.00000000,0.00000000,0.00000000,0.00000000,0.00000000,0.00000000,0.00000000,0.00000000
0.03709392,0.00000000,0.00000000,0.00000000,0.00000000,0.00000000,0.00000000,0.00000000,0.00000000,0.00000000,0.00000000,0.00000000
0.04451271,0.00000000,0.00000000,0.00000000,0.00000000,0.00000000,0.00000000,0.00000000,0.00000000,0.00000000,0.00000000,0.00000000
0.05193149,0.00000000,0.00000000,0.00000000,0.00000000,0.00000000,0.00000000,0.00000000,0.00000000,0.00000000,0.00000000,0.00000000
0.05935027,0.00000000,0.00000000,0.00000000,0.00000000,0.00000000,0.00000000,0.00000000,0.00000000,0.00000000,0.00000000,0.00000000
0.06676906,0.00000000,0.00000000,0.00000000,0.00000000,0.00000000,0.00000000,0.00000000,0.00000000,0.00000000,0.00000000,0.00000000
0.07418784,0.00000000,0.00000000,0.00000000,0.00000000,0.00000000,0.00000000,0.00000000,0.00000000,0.00000000,0.00000000,0.00000000
0.08160663,0.00000000,0.00000000,0.00000000,0.00000000,0.00000000,0.00000000,0.00000000,0.00000000,0.00000000,0.00000000,0.00000000
0.08902541,0.00000000,0.00000000,0.00000000,0.00000000,0.00000000,0.00000000,0.00000000,0.00000000,0.00000000,0.00000000,0.00000000
0.09644420,0.00000000,0.00000000,0.00000000,0.00000000,0.00000000,0.00000000,0.00000000,0.00000000,0.00000000,0.00000000,0.00000000
0.10386298,0.00000000,0.00000000,0.00000000,0.00000000,0.00000000,0.00000000,0.00000000,0.00000000,0.00000000,0.00000000,0.00000000
0.11128177,0.00000000,0.00000000,0.00000000,0.00000000,0.00000000,0.00000000,0.00000000,0.00000000,0.00000000,0.00000000,0.00000000
0.11870055,0.00000000,0.00000000,0.00000000,0.00000000,0.00000000,0.00000000,0.00000000,0.00000000,0.00000000,0.00000000,0.00000000
0.12611933,0.00000000,0.00000000,0.00000000,0.00000000,0.00000000,0.00000000,0.00000000,0.00000000,0.00000000,0.00000000,0.00000000
0.13353812,0.00000000,0.00000000,0.00000000,0.00000000,0.00000000,0.00000000,0.00000000,0.00000000,0.00000000,0.00000000,0.00000000
0.14095690,0.00000000,0.00000000,0.00000000,0.00000000,0.00000000,0.00000000,0.00000000,0.00000000,0.00000000,0.00000000,0.00000000
0.14837569,0.00000000,0.00000000,0.00000000,0.00000000,0.00000000,0.00000000,0.00000000,0.00000000,0.00000000,0.00000000,0.00000000
0.15579447,0.00000000,0.00000000,0.00000000,0.00000000,0.00000000,0.00000000,0.00000000,0.00000000,0.00000000,0.00000000,0.00000000
0.16321326,0.00000000,0.00000000,0.00000000,0.00000000,0.00000000,0.00000000,0.00000000,0.00000000,0.00000000,0.00000000,0.00000000
0.17063204,0.00000000,0.00000000,0.00000000,0.00000000,0.00000000,0.00000000,0.00000000,0.00000000,0.00000000,0.00000000,0.00000000
0.17805082,0.00000000,0.00000000,0.00000000,0.00000000,0.00000000,0.00000000,0.00000000,0.00000000,0.00000000,0.00000000,0.00000000
0.18546961,0.00000000,0.00000000,0.00000000,0.00000000,0.00000000,0.00000000,0.00000000,0.00000000,0.00000000,0.00000000,0.00000000
0.19288839,0.00000000,0.00000000,0.00000000,0.00000000,0.00000000,0.00000000,0.00000000,0.00000000,0.00000000,0.00000000,0.00000000
0.20030718,0.00000000,0.00000000,0.00000000,0.00000000,0.00000000,0.00000000,0.00000000,0.00000000,0.00000000,0.00000000,0.00000000
0.20772596,0.00000000,0.00000000,0.00000000,0.00000000,0.00000000,0.00000000,0.00000000,0.00000000,0.00000000,0.00000000,0.00000000
0.21514475,0.00000000,0.00000000,0.00000000,0.00000000,0.00000000,0.00000000,0.00000000,0.00000000,0.00000000,0.00000000,0.00000000
0.22256353,0.00000000,0.00000000,0.00000000,0.00000000,0.00000000,0.00000000,0.00000000,0.00000000,0.00000000,0.00000000,0.00000000
0.22998232,0.00000000,0.00000000,0.00000000,0.00000000,0.00000000,0.00000000,0.00000000,0.00000000,0.00000000,0.00000000,0.00000000
0.23740110,0.00000000,0.00000000,0.00000000,0.00000000,0.00000000,0.00000000,0.00000000,0.00000000,0.00000000,0.00000000,0.00000000
0.24481988,0.00000000,0.00000000,0.00000000,0.00000000,0.00000000,0.00000000,0.00000000,0.00000000,0.00000000,0.00000000,0.00000000
0.25223867,0.00000000,0.00000000,0.00000000,0.00000000,0.00000000,0.00000000,0.00000000,0.00000000,0.00000000,0.00000000,0.00000000
0.25965745,0.00232893,0.00257170,0.00203856,0.00210305,0.00205944,0.00206474,0.00198860,0.00220472,0.00236683,0.00257984,0.00258343
0.26707624,0.00197446,0.00209207,0.00201055,0.00210825,0.00204047,0.00202653,0.00203081,0.00213053,0.00234284,0.00251118,0.00256906
0.27449502,0.00198973,0.00191864,0.00204985,0.00197737,0.00196653,0.00193616,0.00193780,0.00207564,0.00229839,0.00248810,0.00255044
0.28191381,0.00194466,0.00196337,0.00199392,0.00203772,0.00191009,0.00191662,0.00190368,0.00200320,0.00227490,0.00248218,0.00255410
0.28933259,0.00183680,0.00177276,0.00196940,0.00194694,0.00191227,0.00189765,0.00188283,0.00195136,0.00221176,0.00243327,0.00251152
0.29675137,0.00180365,0.00174992,0.00197932,0.00189183,0.00189147,0.00186297,0.00187880,0.00200266,0.00223993,0.00245380,0.00250088
0.30417016,0.00186121,0.00191730,0.00189062,0.00195691,0.00185637,0.00184812,0.00184780,0.00197626,0.00225425,0.00242684,0.00248701
0.31158894,0.00192253,0.00187381,0.00193370,0.00184215,0.00181054,0.00179964,0.00182814,0.00199450,0.00226807,0.00245312,0.00252004
0.31900773,0.00183599,0.00180056,0.00192030,0.00194771,0.00183148,0.00182624,0.00187189,0.00204155,0.00233095,0.00252221,0.00258906
0.32642651,0.00178697,0.00183346,0.00189665,0.00188455,0.00183333,0.00183241,0.00185610,0.00204877,0.00233145,0.00255464,0.00258603
0.33384530,0.00180547,0.00177403,0.00191166,0.00191811,0.00183250,0.00183492,0.00186454,0.00203996,0.00236455,0.00257039,0.00261057
0.34126408,0.00181219,0.00181426,0.00185169,0.00190364,0.00181584,0.00182824,0.00185523,0.00205307,0.00238194,0.00261811,0.00264908
0.34868287,0.00177925,0.00176044,0.00184860,0.00189962,0.00185229,0.00184672,0.00188544,0.00209600,0.00240227,0.00262143,0.00266826
0.35610165,0.00177028,0.00169021,0.00180236,0.00187465,0.00182176,0.00184037,0.00189031,0.00211639,0.00241653,0.00262637,0.00267217
0.36352043,0.00179098,0.00174719,0.00181235,0.00185379,0.00183520,0.00183756,0.00188629,0.00211047,0.00244894,0.00266034,0.00268890
0.37093922,0.00180617,0.00174929,0.00183156,0.00183670,0.00182204,0.00183828,0.00189958,0.00214134,0.00247217,0.00267283,0.00271167
0.37835800,0.00178075,0.00176347,0.00180235,0.00184443,0.00182732,0.00181625,0.00189802,0.00214327,0.00248959,0.00270836,0.00275218
0.38577679,0.00172008,0.00171226,0.00179126,0.00176906,0.00176445,0.00181068,0.00187341,0.00216139,0.00250981,0.00272164,0.00276502
0.39319557,0.00177674,0.00175068,0.00176212,0.00183027,0.00182479,0.00185230,0.00191236,0.00219138,0.00252139,0.00274971,0.00277312
0.40061436,0.00175248,0.00170685,0.00174818,0.00181687,0.00179640,0.00183766,0.00192068,0.00221810,0.00256895,0.00278358,0.00282351
0.40803314,0.00175867,0.00174200,0.00179057,0.00181498,0.00180196,0.00184070,0.00192673,0.00222839,0.00258015,0.00278869,0.00282787
0.41545192,0.00178691,0.00174975,0.00176544,0.00179969,0.00180958,0.00184795,0.00192732,0.00223655,0.00261062,0.00282482,0.00287137
0.42287071,0.00172126,0.00169051,0.00176452,0.00178273,0.00180440,0.00184630,0.00194415,0.00226041,0.00263946,0.00285769,0.00290449
0.43028949,0.00169101,0.00169807,0.00173712,0.00182192,0.00181970,0.00187923,0.00196109,0.00229534,0.00265154,0.00286372,0.00290607
0.43770828,0.00174588,0.00176372,0.00174254,0.00179382,0.00181071,0.00186292,0.00194743,0.00228869,0.00266130,0.00287665,0.00290305
0.44512706,0.00174136,0.00171209,0.00176478,0.00179206,0.00182637,0.00187780,0.00198614,0.00233857,0.00270821,0.00292456,0.00297661
0.45254585,0.00174031,0.00170018,0.00174916,0.00178548,0.00181799,0.00188920,0.00199379,0.00234641,0.00272648,0.00293180,0.00299588
0.45996463,0.00175544,0.00173191,0.00182198,0.00180985,0.00183693,0.00189974,0.00201008,0.00238572,0.00275808,0.00298790,0.00303113
0.46738342,0.00169156,0.00164256,0.00175356,0.00180673,0.00183683,0.00190613,0.00202401,0.00239840,0.00277649,0.00298437,0.00302308
0.47480220,0.00173513,0.00168079,0.00178065,0.00182434,0.00184677,0.00192205,0.00202761,0.00243137,0.00279609,0.00300254,0.00306395
0.48222098,0.00172851,0.00172675,0.00176136,0.00179546,0.00183483,0.00192717,0.00205129,0.00245166,0.00283103,0.00303228,0.00309052
0.48963977,0.00171625,0.00166851,0.00175680,0.00178700,0.00185722,0.00193222,0.00207423,0.00247430,0.00285446,0.00305848,0.00310874
0.49705855,0.00168053,0.00167136,0.00169098,0.00180827,0.00185179,0.00194820,0.00208665,0.00250136,0.00287150,0.00306056,0.00311540
0.50447734,0.00174504,0.00173979,0.00176238,0.00178323,0.00186928,0.00195944,0.00210198,0.00253211,0.00290736,0.00309183,0.00314133
0.51189612,0.00172708,0.00169975,0.00177256,0.00179350,0.00187799,0.00197749,0.00211201,0.00254198,0.00292010,0.00310825,0.00317306
0.51931491,0.00173836,0.00168365,0.00173563,0.00180814,0.00187832,0.00199572,0.00213345,0.00257392,0.00294481,0.00313681,0.00321193
0.52673369,0.00169666,0.00167689,0.00177618,0.00182923,0.00188332,0.00200108,0.00215343,0.00259855,0.00297444,0.00315748,0.00321202
0.53415247,0.00168616,0.00167720,0.00174440,0.00178890,0.00188033,0.00201262,0.00216040,0.00261064,0.00299704,0.00316001,0.00323275
0.54157126,0.00168640,0.00167005,0.00177880,0.00183155,0.00189723,0.00202411,0.00218341,0.00264634,0.00302306,0.00319766,0.00325527
0.54899004,0.00173601,0.00169687,0.00168168,0.00179096,0.00190057,0.00203243,0.00220480,0.00268359,0.00304825,0.00321694,0.00327648
0.55640883,0.00166859,0.00160638,0.00173304,0.00179427,0.00190382,0.00204294,0.00221255,0.00270827,0.00306784,0.00322383,0.00328598
0.56382761,0.00164639,0.00164402,0.00174087,0.00183391,0.00191427,0.00206121,0.00222845,0.00271704,0.00308950,0.00324726,0.00330576
0.57124640,0.00171010,0.00167358,0.00171963,0.00181274,0.00192124,0.00207026,0.00225721,0.00273704,0.00310261,0.00324081,0.00331905
0.57866518,0.00168415,0.00164746,0.00170771,0.00181367,0.00193913,0.00209272,0.00227964,0.00277104,0.00311900,0.00325564,0.00332538
0.58608397,0.00172158,0.00167783,0.00175584,0.00183084,0.00193717,0.00209949,0.00229052,0.00278154,0.00313692,0.00326368,0.00334162
0.59350275,0.00166346,0.00163376,0.00173023,0.00181040,0.00194888,0.00212038,0.00230630,0.00280453,0.00315435,0.00328092,0.00336572
0.60092153,0.00169925,0.00169059,0.00174107,0.00181171,0.00196254,0.00213385,0.00232994,0.00283170,0.00317653,0.00329207,0.00338125
0.60834032,0.00168590,0.00166341,0.00171877,0.00183217,0.00197101,0.00214886,0.00234963,0.00286278,0.00320060,0.00330716,0.00339403
0.61575910,0.00165832,0.00164127,0.00169783,0.00181794,0.00196987,0.00214249,0.00234907,0.00286591,0.00321290,0.00332329,0.00339634
0.62317789,0.00169940,0.00165713,0.00175392,0.00183841,0.00198586,0.00217694,0.00238034,0.00289083,0.00321457,0.00332556,0.00339750
0.63059667,0.00168786,0.00166961,0.00178003,0.00185090,0.00199193,0.00219016,0.00239733,0.00290652,0.00323046,0.00332619,0.00340623
0.63801546,0.00167536,0.00164579,0.00175492,0.00184777,0.00201196,0.00220858,0.00241202,0.00292292,0.00325417,0.00334008,0.00342655
0.64543424,0.00170931,0.00168437,0.00174704,0.00184998,0.00201621,0.00220847,0.00241954,0.00294202,0.00325651,0.00334232,0.00342632
0.65285302,0.00169074,0.00169724,0.00174303,0.00186400,0.00202641,0.00223237,0.00244787,0.00295194,0.00326974,0.00335006,0.00344519
0.66027181,0.00169765,0.00167152,0.00176983,0.00187962,0.00203381,0.00223846,0.00246832,0.00298149,0.00328965,0.00337712,0.00344611
0.66769059,0.00169197,0.00166882,0.00176817,0.00189028,0.00204499,0.00226274,0.00249040,0.00301344,0.00331405,0.00336985,0.00345293
0.67510938,0.00169481,0.00168119,0.00174837,0.00187346,0.00206589,0.00228079,0.00250769,0.00302488,0.00331085,0.00335362,0.00344390
0.68252816,0.00168989,0.00165618,0.00174781,0.00187620,0.00206011,0.00230022,0.00252581,0.00305310,0.00333352,0.00338284,0.00346032
0.68994695,0.00169436,0.00165865,0.00170599,0.00187803,0.00208164,0.00229517,0.00253629,0.00305797,0.00334080,0.00338107,0.00345767
0.69736573,0.00169218,0.00168385,0.00176399,0.00190930,0.00207805,0.00231739,0.00255830,0.00309112,0.00335314,0.00337912,0.00346993
0.70478452,0.00172130,0.00166446,0.00172118,0.00189986,0.00208415,0.00233252,0.00257753,0.00310726,0.00336955,0.00337898,0.00347199
0.71220330,0.00171354,0.00166225,0.00178657,0.00189118,0.00211896,0.00235039,0.00258881,0.00310777,0.00335619,0.00337311,0.00347624
0.71962208,0.00169099,0.00165408,0.00176033,0.00192862,0.00211566,0.00236477,0.00260924,0.00313142,0.00338490,0.00338087,0.00346761
0.72704087,0.00171223,0.00168651,0.00179266,0.00191399,0.00212945,0.00236923,0.00261277,0.00314349,0.00337659,0.00338376,0.00346037
0.73445965,0.00169241,0.00164795,0.00180519,0.00192066,0.00213369,0.00238364,0.00263485,0.00316570,0.00338527,0.00338081,0.00346573
0.74187844,0.00171535,0.00171469,0.00176359,0.00191838,0.00215384,0.00241481,0.00265569,0.00318042,0.00340678,0.00338925,0.00346855
0.74929722,0.00168348,0.00166246,0.00175857,0.00196013,0.00214975,0.00241738,0.00266536,0.00318753,0.00340391,0.00337956,0.00346294
0.75671601,0.00171004,0.00172007,0.00177681,0.00194788,0.00217091,0.00243100,0.00267617,0.00319304,0.00339967,0.00337245,0.00346615
0.76413479,0.00172160,0.00169821,0.00180209,0.00193898,0.00216747,0.00243347,0.00268869,0.00320601,0.00340495,0.00338121,0.00345709
0.77155357,0.00171405,0.00171482,0.00178281,0.00195419,0.00219640,0.00245566,0.00271266,0.00323259,0.00342639,0.00338895,0.00346822
0.77897236,0.00170584,0.00169227,0.00180795,0.00196560,0.00220346,0.00248392,0.00274154,0.00324619,0.00343421,0.00337666,0.00345425
0.78639114,0.00173265,0.00170438,0.00176868,0.00197764,0.00220255,0.00248231,0.00274588,0.00326134,0.00343461,0.00336312,0.00345395
0.79380993,0.00172754,0.00169525,0.00178642,0.00197273,0.00222141,0.00251457,0.00277267,0.00327073,0.00344283,0.00337279,0.00344666
0.80122871,0.00171696,0.00170706,0.00179585,0.00197678,0.00223035,0.00251934,0.00277656,0.00327641,0.00344983,0.00337544,0.00344939
0.80864750,0.00173058,0.00171229,0.00184488,0.00200973,0.00223908,0.00253351,0.00278762,0.00328153,0.00345160,0.00337982,0.00346315
0.81606628,0.00172227,0.00170805,0.00181019,0.00194379,0.00224357,0.00253350,0.00279004,0.00328478,0.00344912,0.00337898,0.00345031
0.82348507,0.00173518,0.00167900,0.00179108,0.00203997,0.00227549,0.00256476,0.00282695,0.00330500,0.00345634,0.00337368,0.00346031
0.83090385,0.00175622,0.00173526,0.00187877,0.00201784,0.00229154,0.00258198,0.00284346,0.00331938,0.00346184,0.00336407,0.00345570
0.83832263,0.00174059,0.00173369,0.00182394,0.00202024,0.00227840,0.00257633,0.00284157,0.00332317,0.00345925,0.00336464,0.00343433
0.84574142,0.00176345,0.00177253,0.00186182,0.00201158,0.00229527,0.00260838,0.00286738,0.00333666,0.00347018,0.00335990,0.00343098
0.85316020,0.00176567,0.00173761,0.00182807,0.00200619,0.00230157,0.00260415,0.00287258,0.00334164,0.00345885,0.00334712,0.00341238
0.86057899,0.00176377,0.00172878,0.00184459,0.00205470,0.00232195,0.00261847,0.00287805,0.00334785,0.00345506,0.00335297,0.00341434
0.86799777,0.00175219,0.00171996,0.00185807,0.00206241,0.00233605,0.00263675,0.00290561,0.00335392,0.00346152,0.00334849,0.00342703
0.87541656,0.00176211,0.00176144,0.00183513,0.00205862,0.00233108,0.00263460,0.00289857,0.00337069,0.00346899,0.00333695,0.00340525
0.88283534,0.00175478,0.00172310,0.00186642,0.00210437,0.00235547,0.00267142,0.00292240,0.00337075,0.00346969,0.00334592,0.00341488
0.89025412,0.00177366,0.00173693,0.00185312,0.00208579,0.00235520,0.00266602,0.00293117,0.00337477,0.00345544,0.00332487,0.00339657
0.89767291,0.00177086,0.00176071,0.00186304,0.00210220,0.00237233,0.00267877,0.00293895,0.00338640,0.00345958,0.00332709,0.00339559
0.90509169,0.00178003,0.00177584,0.00187550,0.00208929,0.00237365,0.00268833,0.00295182,0.00338643,0.00346835,0.00332570,0.00338247
0.91251048,0.00177500,0.00177996,0.00191605,0.00211569,0.00239202,0.00269679,0.00296253,0.00339393,0.00346191,0.00332954,0.00338161
0.91992926,0.00177638,0.00174418,0.00189642,0.00211341,0.00239476,0.00270216,0.00297169,0.00340983,0.00346821,0.00331762,0.00338426
0.92734805,0.00178827,0.00175551,0.00187370,0.00211877,0.00241227,0.00273825,0.00299160,0.00340643,0.00346543,0.00330726,0.00337437
0.93476683,0.00180991,0.00178174,0.00192533,0.00212648,0.00241189,0.00272635,0.00298367,0.00340516,0.00346061,0.00329698,0.00336320
0.94218562,0.00180475,0.00178483,0.00190690,0.00213723,0.00243786,0.00275374,0.00300600,0.00341554,0.00346252,0.00329975,0.00336272
0.94960440,0.00180384,0.00178842,0.00190114,0.00216697,0.00243351,0.00275512,0.00301018,0.00341170,0.00345456,0.00328771,0.00335174
0.95702318,0.00185676,0.00183166,0.00193644,0.00214282,0.00244340,0.00276719,0.00301962,0.00341909,0.00344780,0.00328635,0.00334634
0.96444197,0.00181320,0.00178038,0.00192842,0.00216465,0.00245860,0.00277977,0.00302829,0.00341341,0.00345467,0.00328279,0.00333886
0.97186075,0.00186505,0.00181978,0.00193614,0.00217797,0.00246842,0.00279322,0.00303846,0.00341918,0.00344356,0.00327229,0.00332657
0.97927954,0.00183434,0.00180070,0.00195939,0.00219375,0.00247397,0.00280048,0.00304426,0.00343180,0.00344417,0.00326244,0.00332512
0.98669832,0.00186615,0.00184165,0.00195626,0.00220440,0.00247869,0.00280201,0.00305427,0.00343548,0.00345032,0.00326532,0.00332582
0.99411711,0.00184759,0.00181887,0.00197258,0.00222314,0.00249492,0.00281684,0.00306696,0.00343192,0.00343817,0.00327078,0.00332239
1.00153589,0.00186184,0.00184747,0.00195854,0.00220338,0.00250129,0.00282342,0.00306949,0.00342513,0.00343486,0.00325362,0.00330945
1.00895467,0.00189009,0.00185280,0.00197304,0.00219570,0.00251238,0.00283386,0.00307509,0.00341855,0.00343150,0.00324506,0.00329287
1.01637346,0.00190644,0.00189464,0.00198811,0.00221143,0.00252769,0.00284454,0.00308126,0.00341844,0.00342529,0.00324396,0.00329111
1.02379224,0.00188631,0.00188101,0.00201551,0.00223614,0.00253533,0.00285111,0.00309139,0.00343231,0.00342235,0.00324038,0.00329620
1.03121103,0.00188711,0.00186143,0.00203719,0.00225545,0.00254659,0.00287212,0.00310203,0.00342755,0.00341663,0.00323691,0.00328456
1.03862981,0.00190893,0.00186690,0.00201727,0.00225738,0.00255785,0.00288054,0.00310472,0.00343246,0.00342008,0.00323231,0.00328302
1.04604860,0.00189302,0.00188370,0.00201871,0.00226880,0.00257385,0.00289287,0.00311083,0.00343078,0.00341604,0.00322369,0.00326784
1.05346738,0.00192172,0.00190214,0.00202569,0.00226880,0.00257841,0.00290130,0.00312880,0.00343222,0.00341764,0.00322605,0.00327524
1.06088616,0.00193121,0.00187144,0.00204485,0.00226342,0.00258938,0.00289857,0.00313081,0.00342775,0.00340336,0.00320788,0.00325066
1.06830495,0.00195743,0.00192507,0.00204306,0.00227916,0.00260122,0.00291764,0.00313422,0.00344040,0.00341196,0.00321795,0.00326477
1.07572373,0.00195725,0.00194940,0.00204163,0.00229926,0.00260486,0.00292862,0.00314551,0.00344238,0.00341044,0.00321318,0.00325498
1.08314252,0.00195578,0.00192051,0.00206169,0.00230012,0.00260965,0.00293153,0.00315262,0.00343795,0.00340099,0.00321630,0.00325400
1.09056130,0.00196820,0.00196002,0.00205945,0.00231774,0.00262403,0.00294034,0.00315636,0.00343386,0.00339686,0.00320495,0.00323955
1.09798009,0.00199948,0.00199010,0.00209668,0.00234741,0.00263662,0.00295188,0.00316224,0.00343251,0.00339985,0.00320166,0.00324203
1.10539887,0.00201160,0.00197230,0.00209003,0.00234531,0.00264000,0.00295285,0.00316134,0.00342422,0.00338043,0.00319351,0.00323045
1.11281766,0.00199222,0.00196054,0.00211110,0.00236865,0.00265437,0.00296821,0.00316691,0.00342958,0.00338192,0.00319649,0.00323392
1.12023644,0.00202672,0.00197146,0.00210896,0.00235838,0.00266227,0.00297551,0.00318118,0.00343600,0.00338684,0.00319564,0.00322490
1.12765522,0.00202730,0.00194245,0.00212770,0.00237829,0.00266407,0.00297751,0.00317769,0.00342785,0.00337198,0.00318018,0.00321965
1.13507401,0.00203704,0.00199321,0.00211553,0.00239359,0.00268050,0.00299137,0.00319175,0.00342772,0.00338435,0.00319597,0.00322277
1.14249279,0.00202513,0.00200589,0.00215452,0.00238778,0.00269037,0.00299249,0.00318683,0.00341677,0.00336745,0.00318541,0.00320991
1.14991158,0.00205504,0.00203341,0.00214027,0.00241662,0.00270046,0.00300327,0.00320186,0.00342585,0.00336893,0.00318305,0.00321615
1.15733036,0.00206644,0.00204221,0.00220823,0.00242191,0.00271186,0.00302166,0.00320889,0.00342682,0.00336886,0.00317457,0.00320876
1.16474915,0.00209186,0.00204735,0.00218022,0.00244058,0.00272552,0.00301953,0.00321100,0.00342083,0.00337140,0.00318630,0.00320515
1.17216793,0.00209284,0.00202996,0.00217357,0.00242796,0.00273198,0.00303262,0.00321386,0.00342493,0.00336283,0.00317862,0.00320243
1.17958671,0.00209743,0.00209710,0.00217974,0.00243770,0.00273922,0.00303297,0.00320649,0.00340691,0.00335372,0.00316809,0.00319456
1.18700550,0.00212663,0.00209414,0.00221506,0.00245038,0.00275519,0.00304525,0.00321913,0.00341665,0.00336254,0.00317553,0.00320760
1.19442428,0.00211435,0.00210006,0.00223675,0.00247329,0.00276624,0.00305309,0.00322822,0.00341154,0.00334938,0.00315606,0.00318918
1.20184307,0.00215181,0.00209854,0.00224065,0.00248297,0.00276637,0.00305405,0.00322597,0.00341193,0.00335003,0.00317095,0.00319500
1.20926185,0.00216877,0.00214708,0.00222328,0.00250084,0.00278665,0.00306827,0.00323585,0.00340571,0.00335032,0.00317141,0.00318392
1.21668064,0.00216762,0.00213117,0.00227994,0.00250086,0.00278393,0.00307127,0.00324051,0.00341472,0.00334436,0.00315744,0.00318379
1.22409942,0.00218356,0.00213475,0.00227936,0.00250790,0.00279781,0.00307641,0.00323670,0.00340421,0.00333906,0.00315837,0.00318548
1.23151821,0.00219293,0.00218006,0.00230008,0.00252921,0.00281643,0.00309351,0.00325021,0.00340107,0.00334218,0.00316812,0.00319304
1.23893699,0.00221067,0.00217205,0.00228765,0.00253089,0.00282378,0.00310298,0.00325586,0.00340270,0.00333692,0.00316063,0.00318398
1.24635577,0.00225869,0.00220588,0.00234303,0.00258652,0.00284797,0.00311535,0.00326892,0.00341654,0.00334569,0.00318093,0.00319666
1.25377456,0.00224899,0.00221743,0.00237631,0.00259350,0.00286206,0.00313619,0.00328444,0.00342865,0.00335303,0.00318337,0.00319694
1.26119334,0.00226491,0.00222067,0.00236890,0.00259263,0.00288139,0.00314479,0.00328504,0.00341576,0.00334672,0.00318288,0.00319705
1.26861213,0.00230417,0.00228318,0.00238751,0.00260850,0.00287972,0.00314054,0.00328208,0.00341023,0.00334360,0.00317569,0.00319624
1.27603091,0.00230883,0.00230215,0.00237019,0.00261842,0.00289687,0.00315717,0.00329326,0.00341433,0.00334574,0.00318073,0.00319185
1.28344970,0.00233966,0.00231667,0.00240987,0.00263786,0.00291428,0.00316857,0.00330950,0.00342122,0.00334429,0.00318169,0.00319155
1.29086848,0.00234330,0.00230616,0.00243720,0.00265323,0.00292401,0.00318088,0.00331410,0.00342305,0.00334386,0.00317647,0.00320113
1.29828726,0.00235981,0.00235765,0.00244458,0.00268282,0.00294216,0.00319153,0.00332221,0.00344167,0.00336201,0.00320543,0.00321528
1.30570605,0.00240363,0.00236866,0.00249348,0.00267563,0.00296272,0.00321337,0.00333975,0.00343615,0.00336150,0.00320882,0.00320948
1.31312483,0.00240889,0.00237899,0.00250015,0.00270238,0.00298032,0.00322931,0.00334654,0.00343368,0.00335829,0.00320500,0.00321310
1.32054362,0.00243068,0.00239036,0.00253802,0.00274002,0.00300133,0.00325157,0.00336953,0.00344501,0.00336765,0.00320803,0.00322858
1.32796240,0.00245584,0.00242234,0.00254340,0.00273002,0.00300603,0.00324791,0.00335911,0.00344619,0.00336455,0.00321215,0.00322557
1.33538119,0.00247820,0.00245035,0.00255225,0.00276327,0.00301429,0.00324244,0.00335163,0.00342839,0.00335679,0.00320319,0.00321554
1.34279997,0.00249296,0.00246659,0.00255373,0.00277953,0.00303226,0.00326185,0.00336925,0.00343532,0.00335190,0.00321110,0.00322072
1.35021876,0.00248930,0.00245839,0.00257256,0.00278437,0.00303757,0.00326522,0.00336843,0.00342463,0.00334645,0.00320571,0.00321028
1.35763754,0.00255087,0.00252672,0.00263368,0.00284147,0.00306338,0.00328645,0.00338283,0.00343461,0.00336417,0.00322740,0.00321833
1.36505632,0.00259859,0.00256477,0.00263917,0.00285782,0.00309600,0.00331607,0.00341182,0.00345901,0.00337446,0.00322598,0.00323775
1.37247511,0.00257615,0.00255092,0.00266888,0.00289202,0.00312015,0.00332939,0.00341130,0.00345587,0.00337232,0.00323986,0.00323597
1.37989389,0.00263133,0.00259425,0.00270049,0.00290272,0.00312623,0.00334336,0.00342523,0.00343918,0.00336554,0.00322433,0.00322681
1.38731268,0.00261280,0.00264169,0.00272173,0.00289169,0.00312844,0.00333573,0.00341519,0.00343805,0.00335566,0.00322273,0.00322463
1.39473146,0.00267563,0.00266175,0.00272714,0.00294735,0.00315808,0.00335900,0.00343458,0.00345128,0.00337198,0.00323772,0.00323399
1.40215025,0.00271578,0.00268106,0.00275227,0.00292883,0.00316609,0.00334713,0.00342611,0.00343323,0.00335559,0.00320775,0.00322200
1.40956903,0.00273400,0.00270479,0.00280551,0.00296951,0.00317965,0.00336442,0.00343473,0.00344236,0.00336928,0.00325262,0.00324822
1.41698781,0.00276930,0.00274953,0.00285805,0.00301843,0.00321341,0.00340390,0.00346298,0.00346622,0.00338597,0.00326344,0.00325469
1.42440660,0.00281010,0.00279591,0.00285929,0.00303487,0.00323098,0.00341742,0.00347557,0.00346841,0.00338610,0.00325436,0.00325288
1.43182538,0.00282884,0.00279200,0.00287741,0.00305443,0.00325820,0.00342873,0.00348008,0.00347185,0.00338301,0.00326900,0.00326514
1.43924417,0.00286006,0.00284756,0.00292195,0.00306173,0.00325739,0.00342987,0.00348138,0.00346149,0.00338092,0.00326598,0.00326528
1.44666295,0.00292344,0.00289713,0.00296585,0.00310952,0.00329437,0.00345072,0.00349385,0.00346682,0.00338780,0.00328346,0.00327920
1.45408174,0.00292673,0.00287933,0.00295027,0.00312208,0.00329945,0.00345847,0.00350416,0.00346470,0.00338277,0.00327977,0.00326848
1.46150052,0.00291659,0.00288851,0.00299139,0.00315508,0.00331258,0.00346403,0.00350554,0.00347714,0.00339524,0.00329834,0.00328511
1.46891931,0.00298882,0.00295483,0.00301260,0.00317448,0.00333458,0.00348433,0.00352130,0.00348002,0.00339679,0.00329753,0.00327998
1.47633809,0.00301870,0.00298367,0.00304547,0.00317528,0.00335102,0.00350843,0.00352975,0.00348228,0.00339831,0.00330939,0.00329283
1.48375687,0.00304417,0.00305643,0.00306584,0.00320519,0.00337808,0.00352028,0.00353842,0.00348249,0.00339655,0.00331115,0.00329704
1.49117566,0.00306921,0.00306247,0.00312371,0.00324562,0.00339851,0.00353396,0.00355272,0.00348857,0.00340341,0.00331882,0.00330203
1.49859444,0.00310954,0.00309178,0.00313868,0.00327511,0.00341860,0.00356035,0.00357486,0.00350291,0.00341439,0.00332614,0.00332176
1.50601323,0.00315272,0.00312995,0.00320013,0.00330236,0.00343563,0.00356673,0.00358240,0.00351397,0.00342495,0.00334444,0.00332881
1.51343201,0.00319381,0.00316928,0.00321047,0.00331939,0.00345940,0.00358195,0.00359338,0.00351569,0.00342380,0.00334660,0.00332312
1.52085080,0.00321541,0.00319085,0.00321848,0.00333586,0.00348468,0.00359773,0.00360400,0.00351284,0.00342589,0.00335440,0.00333858
1.52826958,0.00323957,0.00323031,0.00324953,0.00337313,0.00349314,0.00360305,0.00360714,0.00351073,0.00342339,0.00335787,0.00333439
1.53568836,0.00331058,0.00329363,0.00330449,0.00339960,0.00352699,0.00363683,0.00362897,0.00352460,0.00343758,0.00336576,0.00335421
1.54310715,0.00330055,0.00330663,0.00333308,0.00344207,0.00355205,0.00364654,0.00363883,0.00352094,0.00343599,0.00337197,0.00334769
1.55052593,0.00335716,0.00335039,0.00335588,0.00346401,0.00358210,0.00367191,0.00365704,0.00354372,0.00345234,0.00339296,0.00336518
1.55794472,0.00338264,0.00336641,0.00339903,0.00350320,0.00360440,0.00368467,0.00366541,0.00354842,0.00346040,0.00340561,0.00337750
1.56536350,0.00344984,0.00343722,0.00342050,0.00352753,0.00362672,0.00370881,0.00368951,0.00357002,0.00347465,0.00340347,0.00338263
1.57278229,0.00347224,0.00343874,0.00344649,0.00355351,0.00364991,0.00372053,0.00370000,0.00357047,0.00347972,0.00342239,0.00339529
1.58020107,0.00352370,0.00351905,0.00349162,0.00357409,0.00367270,0.00373921,0.00370966,0.00357630,0.00348441,0.00341996,0.00339908
1.58761986,0.00354453,0.00351818,0.00353714,0.00361184,0.00369649,0.00376021,0.00372547,0.00358610,0.00349216,0.00343504,0.00341108
1.59503864,0.00359660,0.00358489,0.00358665,0.00366225,0.00372558,0.00377367,0.00374210,0.00360254,0.00350663,0.00345198,0.00341944
1.60245742,0.00361890,0.00362246,0.00361994,0.00367013,0.00375269,0.00379443,0.00374877,0.00360120,0.00351249,0.00346060,0.00343027
1.60987621,0.00366358,0.00368196,0.00363255,0.00370841,0.00377487,0.00381678,0.00376390,0.00360137,0.00351312,0.00347573,0.00343857
1.61729499,0.00370273,0.00369389,0.00369354,0.00374161,0.00380550,0.00383652,0.00377442,0.00360520,0.00351162,0.00347406,0.00344170
1.62471378,0.00375114,0.00372316,0.00371874,0.00378299,0.00383112,0.00385223,0.00379569,0.00361874,0.00352069,0.00348877,0.00345149
1.63213256,0.00380972,0.00379832,0.00378629,0.00381317,0.00386489,0.00387979,0.00381687,0.00362286,0.00352304,0.00348888,0.00346024
1.63955135,0.00385004,0.00386736,0.00382403,0.00386495,0.00389504,0.00389724,0.00382950,0.00363317,0.00353709,0.00351254,0.00347292
1.64697013,0.00387761,0.00387156,0.00387135,0.00390167,0.00391824,0.00392374,0.00384761,0.00364434,0.00354435,0.00351246,0.00348225
1.65438891,0.00392978,0.00392202,0.00392170,0.00392495,0.00394584,0.00394279,0.00385722,0.00364595,0.00355026,0.00353636,0.00349970
1.66180770,0.00398462,0.00400437,0.00399482,0.00397666,0.00397308,0.00397375,0.00388008,0.00366042,0.00355972,0.00354637,0.00350922
1.66922648,0.00400906,0.00399429,0.00400026,0.00397788,0.00400439,0.00399251,0.00389214,0.00367228,0.00356868,0.00355229,0.00351293
1.67664527,0.00408152,0.00405907,0.00402478,0.00403318,0.00403521,0.00400930,0.00391335,0.00367499,0.00357111,0.00356279,0.00352191
1.68406405,0.00407918,0.00408487,0.00408296,0.00408850,0.00406039,0.00403421,0.00391744,0.00368104,0.00357372,0.00356812,0.00351836
1.69148284,0.00417817,0.00418937,0.00414039,0.00414642,0.00409551,0.00405137,0.00394412,0.00369314,0.00359104,0.00358695,0.00354582
1.69890162,0.00421909,0.00423252,0.00419170,0.00415596,0.00414322,0.00408801,0.00397276,0.00370721,0.00360800,0.00360147,0.00355455
1.70632041,0.00424101,0.00426722,0.00421717,0.00420425,0.00416974,0.00410896,0.00398869,0.00372141,0.00362000,0.00361806,0.00357129
1.71373919,0.00429966,0.00431250,0.00428703,0.00424863,0.00419111,0.00412633,0.00399988,0.00373421,0.00361643,0.00362658,0.00357795
1.72115797,0.00437300,0.00436409,0.00433502,0.00430515,0.00423925,0.00415565,0.00402418,0.00374924,0.00363726,0.00365103,0.00359148
1.72857676,0.00441343,0.00441939,0.00438354,0.00433904,0.00427001,0.00418280,0.00404518,0.00375415,0.00364521,0.00365609,0.00359931
1.73599554,0.00446872,0.00449189,0.00442037,0.00437142,0.00430092,0.00420077,0.00405893,0.00377069,0.00365772,0.00367373,0.00361855
1.74341433,0.00451472,0.00454307,0.00449058,0.00442913,0.00434227,0.00423034,0.00408318,0.00378076,0.00366246,0.00368222,0.00362622
1.75083311,0.00455142,0.00459212,0.00455295,0.00444561,0.00437329,0.00425307,0.00410259,0.00379732,0.00367623,0.00369912,0.00363339
1.75825190,0.00464115,0.00463558,0.00460937,0.00451074,0.00441249,0.00428076,0.00412332,0.00380783,0.00368420,0.00370324,0.00364180
1.76567068,0.00468614,0.00470107,0.00461904,0.00455467,0.00443712,0.00430553,0.00414249,0.00382527,0.00370292,0.00372713,0.00366557
1.77308946,0.00474492,0.00479635,0.00470472,0.00460848,0.00448051,0.00433163,0.00416116,0.00383070,0.00371401,0.00374484,0.00367590
1.78050825,0.00479076,0.00480488,0.00473900,0.00464148,0.00450641,0.00435172,0.00417853,0.00383596,0.00371544,0.00374867,0.00368074
1.78792703,0.00483365,0.00486770,0.00478193,0.00467190,0.00455133,0.00437552,0.00419281,0.00385298,0.00373074,0.00376899,0.00369485
1.79534582,0.00492441,0.00494597,0.00484524,0.00474957,0.00459118,0.00441273,0.00421774,0.00385744,0.00373389,0.00378412,0.00370834
1.80276460,0.00497356,0.00499266,0.00490057,0.00477690,0.00463106,0.00444029,0.00424136,0.00388374,0.00374451,0.00379147,0.00371794
1.81018339,0.00501635,0.00504303,0.00494989,0.00480546,0.00466001,0.00446569,0.00426776,0.00389306,0.00376084,0.00380748,0.00373387
1.81760217,0.00505640,0.00506745,0.00500367,0.00485500,0.00469338,0.00448164,0.00427872,0.00389532,0.00376766,0.00381563,0.00374640
1.82502096,0.00513591,0.00518221,0.00505820,0.00492388,0.00473607,0.00451606,0.00430295,0.00391531,0.00377511,0.00383407,0.00376124
1.83243974,0.00517111,0.00519911,0.00510008,0.00494898,0.00476903,0.00453305,0.00432117,0.00392471,0.00378922,0.00384475,0.00376575
1.83985852,0.00521993,0.00525929,0.00516409,0.00500260,0.00479572,0.00456720,0.00434294,0.00394394,0.00380606,0.00386928,0.00378849
1.84727731,0.00528647,0.00532559,0.00523287,0.00504794,0.00483503,0.00458541,0.00436162,0.00396092,0.00381502,0.00387664,0.00379635
1.85469609,0.00537590,0.00538618,0.00528339,0.00511698,0.00488469,0.00462683,0.00439457,0.00397382,0.00383507,0.00390107,0.00381204
1.86211488,0.00543781,0.00543263,0.00535127,0.00516499,0.00491934,0.00465573,0.00441914,0.00399020,0.00384504,0.00391598,0.00382934
1.86953366,0.00547571,0.00550202,0.00542235,0.00519892,0.00496592,0.00468620,0.00444213,0.00401365,0.00387042,0.00394098,0.00385071
1.87695245,0.00554376,0.00557082,0.00546431,0.00527368,0.00499935,0.00471005,0.00446483,0.00402764,0.00387920,0.00394699,0.00385942
1.88437123,0.00556775,0.00562243,0.00548370,0.00530582,0.00503575,0.00473515,0.00447523,0.00402799,0.00387831,0.00395584,0.00386425
1.89179001,0.00564926,0.00568069,0.00557296,0.00534022,0.00507306,0.00477459,0.00451484,0.00405516,0.00390897,0.00399094,0.00389995
1.89920880,0.00569830,0.00573247,0.00561036,0.00539442,0.00510407,0.00479421,0.00452771,0.00406311,0.00390952,0.00399093,0.00389489
1.90662758,0.00576909,0.00579558,0.00565823,0.00542224,0.00512593,0.00480592,0.00453902,0.00407681,0.00392098,0.00400863,0.00390939
1.91404637,0.00580521,0.00586227,0.00572652,0.00547084,0.00516316,0.00483246,0.00455839,0.00408414,0.00393030,0.00401225,0.00392245
1.92146515,0.00584573,0.00587588,0.00575079,0.00549194,0.00519349,0.00485388,0.00457056,0.00409968,0.00393817,0.00402659,0.00392610
1.92888394,0.00589415,0.00595977,0.00583247,0.00554586,0.00522872,0.00487352,0.00459633,0.00410811,0.00395327,0.00404229,0.00394429
1.93630272,0.00595668,0.00598013,0.00583578,0.00558625,0.00525144,0.00489290,0.00460558,0.00411542,0.00395934,0.00406467,0.00395488
1.94372151,0.00600598,0.00605334,0.00590968,0.00562321,0.00529479,0.00492278,0.00463172,0.00413221,0.00397127,0.00406266,0.00396101
1.95114029,0.00605673,0.00613909,0.00596051,0.00566954,0.00532027,0.00494135,0.00464403,0.00413985,0.00397656,0.00407822,0.00397582
1.95855907,0.00609288,0.00613777,0.00599415,0.00569176,0.00535373,0.00496969,0.00466458,0.00415188,0.00398760,0.00408804,0.00398152
1.96597786,0.00613231,0.00617951,0.00602225,0.00572444,0.00536499,0.00496884,0.00466788,0.00415941,0.00399397,0.00410068,0.00399384
1.97339664,0.00615208,0.00617678,0.00606035,0.00578046,0.00538701,0.00498328,0.00467947,0.00416734,0.00399901,0.00410471,0.00399578
1.98081543,0.00619848,0.00625286,0.00608857,0.00578795,0.00541178,0.00499656,0.00469368,0.00417945,0.00400467,0.00411435,0.00400793
1.98823421,0.00623573,0.00630497,0.00610580,0.00580554,0.00543359,0.00501563,0.00470383,0.00418351,0.00401261,0.00411936,0.00401526
1.99565300,0.00625446,0.00633573,0.00614678,0.00583695,0.00544867,0.00502470,0.00471166,0.00418436,0.00401386,0.00412476,0.00401374
2.00307178,0.00628696,0.00634913,0.00616439,0.00586014,0.00546584,0.00503392,0.00471950,0.00418754,0.00402305,0.00413795,0.00403003
2.01049056,0.00632857,0.00639813,0.00622878,0.00588460,0.00548388,0.00504781,0.00472109,0.00419655,0.00402209,0.00414447,0.00403178
2.01790935,0.00634137,0.00637485,0.00624170,0.00590387,0.00549891,0.00505501,0.00472990,0.00419432,0.00402918,0.00414552,0.00403728
2.02532813,0.00636615,0.00639771,0.00622412,0.00589847,0.00549494,0.00505257,0.00472597,0.00418605,0.00402029,0.00414245,0.00403476
2.03274692,0.00639522,0.00643315,0.00627536,0.00592577,0.00550907,0.00505570,0.00472760,0.00419099,0.00401957,0.00414576,0.00403742
2.04016570,0.00638775,0.00644544,0.00626330,0.00592674,0.00551765,0.00506286,0.00473358,0.00419348,0.00402513,0.00415141,0.00404681
2.04758449,0.00639692,0.00646732,0.00626656,0.00595765,0.00551765,0.00506024,0.00473109,0.00418864,0.00402006,0.00414821,0.00403983
2.05500327,0.00642390,0.00645335,0.00629674,0.00595553,0.00552143,0.00505929,0.00472499,0.00418026,0.00401461,0.00414164,0.00403530
2.06242205,0.00641193,0.00649638,0.00629729,0.00595541,0.00551676,0.00504860,0.00472125,0.00418561,0.00401506,0.00413731,0.00403653
2.06984084,0.00641319,0.00649220,0.00632089,0.00595348,0.00551610,0.00505064,0.00471741,0.00417278,0.00400692,0.00413770,0.00403813
2.07725962,0.00642880,0.00647818,0.00630529,0.00592482,0.00550320,0.00504139,0.00470735,0.00416918,0.00400233,0.00413760,0.00402996
2.08467841,0.00644293,0.00645603,0.00629038,0.00594381,0.00548416,0.00502077,0.00469300,0.00414778,0.00398664,0.00412479,0.00402427
2.09209719,0.00639531,0.00646498,0.00628550,0.00594035,0.00549155,0.00502276,0.00468969,0.00414646,0.00398515,0.00412404,0.00402742
2.09951598,0.00640250,0.00645738,0.00628117,0.00591125,0.00547297,0.00500795,0.00467789,0.00414030,0.00397587,0.00410675,0.00401878
2.10693476,0.00637433,0.00643949,0.00625632,0.00589708,0.00545416,0.00498046,0.00466084,0.00412680,0.00396549,0.00409755,0.00400644
2.11435355,0.00637478,0.00642802,0.00623540,0.00587875,0.00543872,0.00497154,0.00464588,0.00411982,0.00396167,0.00408937,0.00399427
2.12177233,0.00634029,0.00638096,0.00621350,0.00585732,0.00542046,0.00495018,0.00462744,0.00410748,0.00394543,0.00406781,0.00397682
2.12919111,0.00630775,0.00636823,0.00618293,0.00583296,0.00539682,0.00492878,0.00460704,0.00408928,0.00393190,0.00406265,0.00397552
2.13660990,0.00630020,0.00635442,0.00617041,0.00582552,0.00538108,0.00491858,0.00459538,0.00407600,0.00392126,0.00403965,0.00395821
2.14402868,0.00629620,0.00633954,0.00614903,0.00581594,0.00536722,0.00490690,0.00458840,0.00407179,0.00392011,0.00404511,0.00396388
2.15144747,0.00626419,0.00629891,0.00613365,0.00576210,0.00533386,0.00487462,0.00456005,0.00404747,0.00389537,0.00402302,0.00394264
2.15886625,0.00622321,0.00630947,0.00610212,0.00573029,0.00530690,0.00484832,0.00453947,0.00403616,0.00388767,0.00401438,0.00393150
2.16628504,0.00622432,0.00624988,0.00608277,0.00572418,0.00529312,0.00483431,0.00453066,0.00403033,0.00388483,0.00400753,0.00392687
2.17370382,0.00618537,0.00624719,0.00605454,0.00571753,0.00527226,0.00482570,0.00451666,0.00402652,0.00387264,0.00399795,0.00392110
2.18112260,0.00617070,0.00620996,0.00605947,0.00570191,0.00525889,0.00480797,0.00450962,0.00402315,0.00387556,0.00399286,0.00391674
2.18854139,0.00611426,0.00616007,0.00599255,0.00563998,0.00520860,0.00476485,0.00446606,0.00399020,0.00384365,0.00396260,0.00389657
2.19596017,0.00605898,0.00611849,0.00594835,0.00559172,0.00517370,0.00472159,0.00443361,0.00396134,0.00381818,0.00393284,0.00386516
2.20337896,0.00601682,0.00604528,0.00586283,0.00555617,0.00512763,0.00469254,0.00440257,0.00393871,0.00380000,0.00391472,0.00384926
2.21079774,0.00596692,0.00600691,0.00583150,0.00549563,0.00508841,0.00465497,0.00436816,0.00391226,0.00377526,0.00388885,0.00382354
2.21821653,0.00592337,0.00597625,0.00579819,0.00546322,0.00504817,0.00461755,0.00434052,0.00389122,0.00375423,0.00386891,0.00380795
2.22563531,0.00589805,0.00593479,0.00573375,0.00542209,0.00500526,0.00458288,0.00431522,0.00387417,0.00373604,0.00384182,0.00378537
2.23305410,0.00581800,0.00589966,0.00567647,0.00537776,0.00496655,0.00455271,0.00428349,0.00384880,0.00371839,0.00382751,0.00376744
2.24047288,0.00576737,0.00580092,0.00564244,0.00532952,0.00492034,0.00451580,0.00424575,0.00382287,0.00369067,0.00379726,0.00374677
2.24789166,0.00570991,0.00574792,0.00559092,0.00527054,0.00487941,0.00447735,0.00421585,0.00379909,0.00366864,0.00376855,0.00372349
2.25531045,0.00564524,0.00569824,0.00552818,0.00521662,0.00484098,0.00444170,0.00418470,0.00377217,0.00365087,0.00375055,0.00369742
2.26272923,0.00563425,0.00567384,0.00552572,0.00520009,0.00483055,0.00442936,0.00418364,0.00377878,0.00365016,0.00375301,0.00371108
2.27014802,0.00558560,0.00561491,0.00546163,0.00516283,0.00478284,0.00438965,0.00414515,0.00374931,0.00362961,0.00372669,0.00368279
2.27756680,0.00551426,0.00556230,0.00538863,0.00511535,0.00472313,0.00433809,0.00410290,0.00371627,0.00360075,0.00369526,0.00365931
2.28498559,0.00547372,0.00551658,0.00534411,0.00503672,0.00468071,0.00430413,0.00407032,0.00369253,0.00357744,0.00366749,0.00362992
2.29240437,0.00537046,0.00540420,0.00526374,0.00498585,0.00462527,0.00425518,0.00402836,0.00366596,0.00354729,0.00363151,0.00360141
2.29982315,0.00533241,0.00537752,0.00521177,0.00494151,0.00457619,0.00421472,0.00399780,0.00364321,0.00352415,0.00361075,0.00358215
2.30724194,0.00527999,0.00532602,0.00515540,0.00487911,0.00451642,0.00416459,0.00395178,0.00360420,0.00349133,0.00358070,0.00356034
2.31466072,0.00520566,0.00526227,0.00508774,0.00483574,0.00448497,0.00414233,0.00392752,0.00359072,0.00348024,0.00356354,0.00354555
2.32207951,0.00517590,0.00520731,0.00508795,0.00479878,0.00446079,0.00411970,0.00391747,0.00358174,0.00347808,0.00355548,0.00353610
2.32949829,0.00511321,0.00515187,0.00502246,0.00473862,0.00441927,0.00408494,0.00388417,0.00355927,0.00345328,0.00353325,0.00352144
2.33691708,0.00507486,0.00510772,0.00497447,0.00471334,0.00437871,0.00405294,0.00385676,0.00353884,0.00343954,0.00351435,0.00350070
2.34433586,0.00502091,0.00505659,0.00493341,0.00465123,0.00433588,0.00401051,0.00382241,0.00351293,0.00341147,0.00348635,0.00347838
2.35175465,0.00496386,0.00501658,0.00486544,0.00460328,0.00428460,0.00396429,0.00378694,0.00348852,0.00338620,0.00345705,0.00345106
2.35917343,0.00489560,0.00494299,0.00478943,0.00454058,0.00424566,0.00393609,0.00375611,0.00346443,0.00336672,0.00343279,0.00343304
2.36659221,0.00484290,0.00488412,0.00474189,0.00450688,0.00420109,0.00389611,0.00372467,0.00344552,0.00334978,0.00341178,0.00341132
2.37401100,0.00480859,0.00483465,0.00471085,0.00446135,0.00416401,0.00387472,0.00370266,0.00342637,0.00333524,0.00340092,0.00339988
2.38142978,0.00474954,0.00476854,0.00465183,0.00441492,0.00412809,0.00383779,0.00367555,0.00340644,0.00331516,0.00337811,0.00338488
2.38884857,0.00469461,0.00471842,0.00458982,0.00435860,0.00408286,0.00379702,0.00364175,0.00338106,0.00329163,0.00335277,0.00335971
2.39626735,0.00464999,0.00468141,0.00454507,0.00432423,0.00404615,0.00376790,0.00361495,0.00335873,0.00327636,0.00333704,0.00334977
2.40368614,0.00461253,0.00463577,0.00451267,0.00426904,0.00401219,0.00373867,0.00358973,0.00334057,0.00326191,0.00332445,0.00334225
2.41110492,0.00453964,0.00456006,0.00446047,0.00422808,0.00396979,0.00370175,0.00355773,0.00331414,0.00324253,0.00330404,0.00332539
2.41852370,0.00450310,0.00454874,0.00439747,0.00418435,0.00392352,0.00366452,0.00352736,0.00328899,0.00322034,0.00328360,0.00331373
2.42594249,0.00445506,0.00448342,0.00433863,0.00413118,0.00387842,0.00362603,0.00349524,0.00327527,0.00320057,0.00325810,0.00328832
2.43336127,0.00438393,0.00441316,0.00432302,0.00409910,0.00385725,0.00360759,0.00347125,0.00324709,0.00317922,0.00323662,0.00326954
2.44078006,0.00434798,0.00439677,0.00426060,0.00405476,0.00381251,0.00356468,0.00343663,0.00322184,0.00314896,0.00319848,0.00322747
2.44819884,0.00431730,0.00433691,0.00422176,0.00402123,0.00378142,0.00353869,0.00341778,0.00320588,0.00313017,0.00317264,0.00319914
2.45561763,0.00426999,0.00430360,0.00416761,0.00398114,0.00374662,0.00350912,0.00339213,0.00318296,0.00310717,0.00315342,0.00317310
2.46303641,0.00421220,0.00423353,0.00414201,0.00392992,0.00370324,0.00347395,0.00335902,0.00316121,0.00308266,0.00312052,0.00314334
2.47045520,0.00418248,0.00420169,0.00408930,0.00389186,0.00366254,0.00343663,0.00332822,0.00313808,0.00306372,0.00309929,0.00312008
2.47787398,0.00415029,0.00415168,0.00405473,0.00386360,0.00364209,0.00341454,0.00330644,0.00312657,0.00305310,0.00308574,0.00310599
2.48529276,0.00409787,0.00411018,0.00400489,0.00380319,0.00359966,0.00337380,0.00327454,0.00309184,0.00302444,0.00306036,0.00308071
2.49271155,0.00404653,0.00406937,0.00395879,0.00378438,0.00356369,0.00334561,0.00324536,0.00307648,0.00300069,0.00303378,0.00305950
2.50013033,0.00401885,0.00403559,0.00394487,0.00374867,0.00353458,0.00331621,0.00322412,0.00305992,0.00298907,0.00301596,0.00303776
2.50754912,0.00397051,0.00398979,0.00388900,0.00370371,0.00349563,0.00327878,0.00319296,0.00303850,0.00297000,0.00299599,0.00301768
2.51496790,0.00392850,0.00394439,0.00383256,0.00367123,0.00346228,0.00325370,0.00316952,0.00301550,0.00295005,0.00297333,0.00299821
2.52238669,0.00387752,0.00389819,0.00381299,0.00362215,0.00341635,0.00321464,0.00313456,0.00298594,0.00292116,0.00294535,0.00297044
2.52980547,0.00385364,0.00386435,0.00377005,0.00359188,0.00339365,0.00319063,0.00311036,0.00297092,0.00290264,0.00292519,0.00294966
2.53722425,0.00361897,0.00365046,0.00354688,0.00339246,0.00321206,0.00305177,0.00299080,0.00287869,0.00279470,0.00277533,0.00284952
2.54464304,0.00338354,0.00341624,0.00332145,0.00320853,0.00303175,0.00290432,0.00285975,0.00277971,0.00268117,0.00262398,0.00273825
2.55206182,0.00335329,0.00337925,0.00329665,0.00316480,0.00300453,0.00288127,0.00283995,0.00276095,0.00266391,0.00260336,0.00271715
2.55948061,0.00330891,0.00333266,0.00323259,0.00313435,0.00296124,0.00284083,0.00280563,0.00273477,0.00263299,0.00257756,0.00268976
2.56689939,0.00327072,0.00329121,0.00321669,0.00309229,0.00293008,0.00281159,0.00277808,0.00270961,0.00261017,0.00255402,0.00266631
2.57431818,0.00320611,0.00323773,0.00314884,0.00303983,0.00288069,0.00276412,0.00273516,0.00267169,0.00257880,0.00251963,0.00263156
2.58173696,0.00318057,0.00320837,0.00311078,0.00300347,0.00285276,0.00273706,0.00270958,0.00265274,0.00255943,0.00249955,0.00261118
2.58915575,0.00313581,0.00317138,0.00308378,0.00296506,0.00280558,0.00269113,0.00266884,0.00261919,0.00252715,0.00246826,0.00257583
2.59657453,0.00310934,0.00312442,0.00304377,0.00293361,0.00277826,0.00266693,0.00264940,0.00260477,0.00250966,0.00245219,0.00256000
2.60399331,0.00306168,0.00307543,0.00300382,0.00290515,0.00273688,0.00262553,0.00261261,0.00257567,0.00247906,0.00242377,0.00252724
2.61141210,0.00301951,0.00306398,0.00296079,0.00286367,0.00270774,0.00259576,0.00258341,0.00255157,0.00245754,0.00239968,0.00250665
2.61883088,0.00298392,0.00300647,0.00292754,0.00281861,0.00266390,0.00255454,0.00254615,0.00252004,0.00242839,0.00237114,0.00247514
2.62624967,0.00295090,0.00297871,0.00288421,0.00278802,0.00263155,0.00252754,0.00252023,0.00249784,0.00240525,0.00234926,0.00245022
2.63366845,0.00291878,0.00294376,0.00286358,0.00276451,0.00260172,0.00249581,0.00249312,0.00247772,0.00238645,0.00232798,0.00242961
2.64108724,0.00287929,0.00289481,0.00282895,0.00272960,0.00256464,0.00245968,0.00245878,0.00244738,0.00235747,0.00230102,0.00239833
2.64850602,0.00285155,0.00287915,0.00280827,0.00269739,0.00253544,0.00243394,0.00243609,0.00242595,0.00233554,0.00227836,0.00237973
2.65592480,0.00281100,0.00281897,0.00275162,0.00264872,0.00249596,0.00239710,0.00239921,0.00239416,0.00230629,0.00224726,0.00234714
2.66334359,0.00277809,0.00278464,0.00272334,0.00262334,0.00247034,0.00236860,0.00237838,0.00237348,0.00228844,0.00222843,0.00232447
2.67076237,0.00274708,0.00276652,0.00269722,0.00259867,0.00243786,0.00233803,0.00234641,0.00234895,0.00226546,0.00220474,0.00230238
2.67818116,0.00270459,0.00273982,0.00265475,0.00255839,0.00240401,0.00230605,0.00231655,0.00232380,0.00223911,0.00218144,0.00227563
2.68559994,0.00267818,0.00269416,0.00263988,0.00253298,0.00237950,0.00227863,0.00229273,0.00230183,0.00221639,0.00215710,0.00225095
2.69301873,0.00264556,0.00267300,0.00259793,0.00249721,0.00234361,0.00224581,0.00226053,0.00227501,0.00219052,0.00213252,0.00222632
2.70043751,0.00261158,0.00263875,0.00258362,0.00246699,0.00230912,0.00221342,0.00223112,0.00224926,0.00216433,0.00210597,0.00220114
2.70785630,0.00258488,0.00259605,0.00254421,0.00243529,0.00228571,0.00218841,0.00220781,0.00222551,0.00214368,0.00208399,0.00217629
2.71527508,0.00256468,0.00256811,0.00249565,0.00241279,0.00225556,0.00216313,0.00218215,0.00220484,0.00212231,0.00206598,0.00215509
2.72269386,0.00251799,0.00254339,0.00247698,0.00238126,0.00222548,0.00212957,0.00215093,0.00217549,0.00209380,0.00203812,0.00212205
2.73011265,0.00249282,0.00251089,0.00244678,0.00234588,0.00219807,0.00210245,0.00212407,0.00214927,0.00206870,0.00201299,0.00209844
2.73753143,0.00247385,0.00248163,0.00241966,0.00233295,0.00217141,0.00207811,0.00210195,0.00212901,0.00204737,0.00199426,0.00207559
2.74495022,0.00244471,0.00245740,0.00240689,0.00229468,0.00214522,0.00204801,0.00207307,0.00210226,0.00202530,0.00197175,0.00205315
2.75236900,0.00241231,0.00243970,0.00235891,0.00226836,0.00211426,0.00202043,0.00204581,0.00207523,0.00199708,0.00194600,0.00202598
2.75978779,0.00237963,0.00240949,0.00234018,0.00223987,0.00208836,0.00199366,0.00201876,0.00204701,0.00197030,0.00192179,0.00200150
2.76720657,0.00236161,0.00238386,0.00230759,0.00221342,0.00206546,0.00197051,0.00199687,0.00202785,0.00194812,0.00189904,0.00197942
2.77462535,0.00233631,0.00234474,0.00229590,0.00219378,0.00204448,0.00195014,0.00197445,0.00200108,0.00192714,0.00188101,0.00195491
2.78204414,0.00230874,0.00231760,0.00227238,0.00216787,0.00201624,0.00191990,0.00194783,0.00197810,0.00190274,0.00185886,0.00192836
2.78946292,0.00229186,0.00229616,0.00224548,0.00213297,0.00199049,0.00189504,0.00192243,0.00195207,0.00187836,0.00183588,0.00190261
2.79688171,0.00226037,0.00227449,0.00220705,0.00211102,0.00196459,0.00187016,0.00189690,0.00192651,0.00185351,0.00181217,0.00187381
2.80430049,0.00224081,0.00224743,0.00219054,0.00208980,0.00194078,0.00184464,0.00187165,0.00189979,0.00183083,0.00179292,0.00184772
2.81171928,0.00221734,0.00222278,0.00216397,0.00206270,0.00191740,0.00182269,0.00184817,0.00187869,0.00180767,0.00176971,0.00182441
2.81913806,0.00219491,0.00220339,0.00215260,0.00204638,0.00189198,0.00179795,0.00182340,0.00185251,0.00178434,0.00174874,0.00179794
2.82655685,0.00216866,0.00218437,0.00211079,0.00201723,0.00186941,0.00177615,0.00180194,0.00183186,0.00176229,0.00173008,0.00177308
2.83397563,0.00214590,0.00215257,0.00209735,0.00199990,0.00184839,0.00175913,0.00178202,0.00180570,0.00173639,0.00170482,0.00174897
2.84139441,0.00211905,0.00214042,0.00207530,0.00198243,0.00184764,0.00175597,0.00177433,0.00179151,0.00172171,0.00168797,0.00173457
2.84881320,0.00210044,0.00211626,0.00205899,0.00197563,0.00182982,0.00174188,0.00175860,0.00177192,0.00170458,0.00167057,0.00171517
2.85623198,0.00208011,0.00208123,0.00202825,0.00193660,0.00179483,0.00170125,0.00172240,0.00174531,0.00167619,0.00164672,0.00168131
2.86365077,0.00207493,0.00207076,0.00203813,0.00193342,0.00177936,0.00168433,0.00170643,0.00173199,0.00166146,0.00163330,0.00166631
2.87106955,0.00205362,0.00205563,0.00200346,0.00190152,0.00175621,0.00165947,0.00168136,0.00170599,0.00163616,0.00161062,0.00163670
2.87848834,0.00199854,0.00200684,0.00195684,0.00185781,0.00171029,0.00161027,0.00163470,0.00165758,0.00159098,0.00156755,0.00158970
2.88590712,0.00195992,0.00196380,0.00192561,0.00182798,0.00168157,0.00157859,0.00160147,0.00162897,0.00156095,0.00153798,0.00155672
2.89332590,0.00192794,0.00192038,0.00189828,0.00180499,0.00165981,0.00155517,0.00157859,0.00160345,0.00153680,0.00151704,0.00153187
2.90074469,0.00189887,0.00189736,0.00188514,0.00179353,0.00164705,0.00154143,0.00156204,0.00158383,0.00151611,0.00149847,0.00150994
2.90816347,0.00186384,0.00187416,0.00185497,0.00177455,0.00163058,0.00152363,0.00154239,0.00156014,0.00149442,0.00147773,0.00148781
2.91558226,0.00183544,0.00184218,0.00183714,0.00175945,0.00161261,0.00150559,0.00152205,0.00153850,0.00147244,0.00145708,0.00146509
2.92300104,0.00180832,0.00182254,0.00182318,0.00173395,0.00159337,0.00148728,0.00150259,0.00151651,0.00145078,0.00143566,0.00144223
2.93041983,0.00178001,0.00179419,0.00180650,0.00172000,0.00157511,0.00146687,0.00148196,0.00149593,0.00142702,0.00141450,0.00141855
2.93783861,0.00174997,0.00176376,0.00177249,0.00168934,0.00155213,0.00144394,0.00145615,0.00146688,0.00140181,0.00138901,0.00139299
2.94525740,0.00172591,0.00173426,0.00175333,0.00167286,0.00153018,0.00142280,0.00143313,0.00144204,0.00137549,0.00136564,0.00136652
2.95267618,0.00169740,0.00171167,0.00172895,0.00164719,0.00150672,0.00140329,0.00141145,0.00141867,0.00135329,0.00134195,0.00134025
2.96009496,0.00167571,0.00168292,0.00170527,0.00162858,0.00148887,0.00138177,0.00139108,0.00139350,0.00132889,0.00131861,0.00131714
2.96751375,0.00164870,0.00165985,0.00167940,0.00160126,0.00146777,0.00136104,0.00136817,0.00137117,0.00130612,0.00129686,0.00129254
2.97493253,0.00162669,0.00163801,0.00165976,0.00158543,0.00144815,0.00134261,0.00134842,0.00134911,0.00128502,0.00127494,0.00127074
2.98235132,0.00159989,0.00161853,0.00163579,0.00155974,0.00142958,0.00132405,0.00132793,0.00132545,0.00126239,0.00125518,0.00124969
2.98977010,0.00157954,0.00159457,0.00161289,0.00153975,0.00140966,0.00130459,0.00130732,0.00130176,0.00123898,0.00123329,0.00122374
2.99718889,0.00155328,0.00157283,0.00159661,0.00152284,0.00139074,0.00128500,0.00128682,0.00128142,0.00121864,0.00121354,0.00120475
3.00460767,0.00152789,0.00153718,0.00156955,0.00149341,0.00136641,0.00126285,0.00126240,0.00125568,0.00119331,0.00118908,0.00117872
3.01202645,0.00151062,0.00152361,0.00154802,0.00147831,0.00135033,0.00124581,0.00124557,0.00123705,0.00117548,0.00117245,0.00116026
3.01944524,0.00148459,0.00149769,0.00151776,0.00145282,0.00132626,0.00122395,0.00122190,0.00120968,0.00115025,0.00114712,0.00113336
3.02686402,0.00146401,0.00147671,0.00149674,0.00143432,0.00130685,0.00120356,0.00120139,0.00119040,0.00113173,0.00113091,0.00111517
3.03428281,0.00143552,0.00144790,0.00145602,0.00139231,0.00126618,0.00116620,0.00117000,0.00116730,0.00110651,0.00110233,0.00108770
3.04170159,0.00141409,0.00142273,0.00142639,0.00135771,0.00123430,0.00113833,0.00114347,0.00114602,0.00108710,0.00107833,0.00106455
3.04912038,0.00139136,0.00139722,0.00139538,0.00132001,0.00120214,0.00111123,0.00111883,0.00112493,0.00106585,0.00105661,0.00104335
3.05653916,0.00137105,0.00138166,0.00134854,0.00127891,0.00116656,0.00108297,0.00109432,0.00110408,0.00104581,0.00102966,0.00101876
3.06395794,0.00136049,0.00135666,0.00133039,0.00125894,0.00114891,0.00106986,0.00107967,0.00108904,0.00103215,0.00101381,0.00100465
3.07137673,0.00134624,0.00134981,0.00131138,0.00123836,0.00113118,0.00105508,0.00106475,0.00107212,0.00101400,0.00099832,0.00098658
3.07879551,0.00133174,0.00133311,0.00128714,0.00121708,0.00111587,0.00104016,0.00104948,0.00105391,0.00100022,0.00098281,0.00097077
3.08621430,0.00130418,0.00130214,0.00124576,0.00117479,0.00107129,0.00100046,0.00101810,0.00103369,0.00097795,0.00095569,0.00094551
3.09363308,0.00128779,0.00128285,0.00120486,0.00112942,0.00102970,0.00096692,0.00098961,0.00101399,0.00095885,0.00093154,0.00092431
3.10105187,0.00126300,0.00125434,0.00117161,0.00108826,0.00099622,0.00093578,0.00096246,0.00099309,0.00093894,0.00090738,0.00090030
3.10847065,0.00124021,0.00123531,0.00112476,0.00104861,0.00095400,0.00090205,0.00093404,0.00097320,0.00091867,0.00088223,0.00087843
3.11588944,0.00121667,0.00120755,0.00107253,0.00099727,0.00090576,0.00085951,0.00090093,0.00095405,0.00089854,0.00085525,0.00085316
3.12330822,0.00118500,0.00117146,0.00103563,0.00095968,0.00086974,0.00082728,0.00087202,0.00093006,0.00087549,0.00082988,0.00082751
3.13072700,0.00116546,0.00114776,0.00100947,0.00092795,0.00084540,0.00080523,0.00085169,0.00090922,0.00085561,0.00081083,0.00081064
3.13814579,0.00114483,0.00112407,0.00097335,0.00089183,0.00081224,0.00077621,0.00082209,0.00088257,0.00083117,0.00078692,0.00078562
3.14556457,0.00111687,0.00110609,0.00094603,0.00086474,0.00078709,0.00075516,0.00079928,0.00085752,0.00080860,0.00076440,0.00076246
3.15298336,0.00109707,0.00108300,0.00091774,0.00083589,0.00076025,0.00072795,0.00077486,0.00083731,0.00079060,0.00074327,0.00074025
3.16040214,0.00107247,0.00105265,0.00089264,0.00080558,0.00073210,0.00070150,0.00074947,0.00081762,0.00077117,0.00072384,0.00072084
3.16782093,0.00104702,0.00102396,0.00085738,0.00077590,0.00070134,0.00067393,0.00072581,0.00079665,0.00075244,0.00070271,0.00070061
3.17523971,0.00101608,0.00099692,0.00082518,0.00074380,0.00067438,0.00065021,0.00070253,0.00077530,0.00073208,0.00068253,0.00067884
3.18265849,0.00098717,0.00095766,0.00079185,0.00071281,0.00064879,0.00062809,0.00067956,0.00075153,0.00071139,0.00066401,0.00065955
3.19007728,0.00095580,0.00093018,0.00076297,0.00068171,0.00062290,0.00060259,0.00065364,0.00072806,0.00068925,0.00064302,0.00063946
3.19749606,0.00091077,0.00089491,0.00072661,0.00065090,0.00059676,0.00057951,0.00062908,0.00070056,0.00066560,0.00062414,0.00062166
3.20491485,0.00087030,0.00085457,0.00069713,0.00062378,0.00057271,0.00055706,0.00060525,0.00067616,0.00064386,0.00060653,0.00060268
3.21233363,0.00083571,0.00081656,0.00067098,0.00059810,0.00054875,0.00053486,0.00058145,0.00064822,0.00062156,0.00058961,0.00058259
3.21975242,0.00080474,0.00077799,0.00063819,0.00057205,0.00052792,0.00051305,0.00055362,0.00061432,0.00059324,0.00057106,0.00056215
3.22717120,0.00074964,0.00072770,0.00061266,0.00055276,0.00050840,0.00049346,0.00053131,0.00058636,0.00056939,0.00055074,0.00054213
3.23458999,0.00067891,0.00066824,0.00058278,0.00053137,0.00049176,0.00047698,0.00051341,0.00056442,0.00054480,0.00052594,0.00051828
3.24200877,0.00063004,0.00062586,0.00055544,0.00050991,0.00047412,0.00046055,0.00049165,0.00053229,0.00051486,0.00050401,0.00049730
3.24942755,0.00059687,0.00058935,0.00052574,0.00048779,0.00045384,0.00044340,0.00046382,0.00048717,0.00047863,0.00048358,0.00047728
3.25684634,0.00056834,0.00056042,0.00050387,0.00047024,0.00043880,0.00042920,0.00044153,0.00045040,0.00045111,0.00046979,0.00046362
3.26426512,0.00056967,0.00056555,0.00051671,0.00047722,0.00044975,0.00043893,0.00044611,0.00044863,0.00045199,0.00047835,0.00047034
3.27168391,0.00055679,0.00055516,0.00050894,0.00047857,0.00044940,0.00043936,0.00044363,0.00043836,0.00044533,0.00047509,0.00046774
3.27910269,0.00056136,0.00055340,0.00051211,0.00048342,0.00045879,0.00044942,0.00044872,0.00043658,0.00044494,0.00048017,0.00047392
3.28652148,0.00054866,0.00054455,0.00051293,0.00047602,0.00045569,0.00044622,0.00044210,0.00042517,0.00043483,0.00047261,0.00046073
3.29394026,0.00054191,0.00054042,0.00051258,0.00047911,0.00046042,0.00044398,0.00043700,0.00041608,0.00042121,0.00045582,0.00044095
3.30135904,0.00051247,0.00050633,0.00049699,0.00047396,0.00045438,0.00043634,0.00042640,0.00040316,0.00040725,0.00044349,0.00042412
3.30877783,0.00047535,0.00047526,0.00048170,0.00045968,0.00044112,0.00041980,0.00040860,0.00038313,0.00038969,0.00043015,0.00040586
3.31619661,0.00042085,0.00042553,0.00045452,0.00044062,0.00042742,0.00040353,0.00038454,0.00035277,0.00036681,0.00041872,0.00039297
3.32361540,0.00039085,0.00040069,0.00043232,0.00042636,0.00041490,0.00038932,0.00036349,0.00031943,0.00034258,0.00040939,0.00038195
3.33103418,0.00034792,0.00035319,0.00038428,0.00037853,0.00037750,0.00035874,0.00032875,0.00028176,0.00031357,0.00038855,0.00036171
3.33845297,0.00030430,0.00030909,0.00033890,0.00033255,0.00032875,0.00031306,0.00029046,0.00025286,0.00028823,0.00036097,0.00033864
3.34587175,0.00027624,0.00028125,0.00031992,0.00031281,0.00031023,0.00029484,0.00026664,0.00021984,0.00025852,0.00034163,0.00031985
3.35329054,0.00024324,0.00025816,0.00029595,0.00029517,0.00029157,0.00027809,0.00024714,0.00019515,0.00023543,0.00031894,0.00029475
3.36070932,0.00018712,0.00020129,0.00027543,0.00028487,0.00028256,0.00026523,0.00022960,0.00016696,0.00020255,0.00028712,0.00026407
3.36812810,0.00013587,0.00015260,0.00025252,0.00026561,0.00027162,0.00025567,0.00021388,0.00013893,0.00017419,0.00026326,0.00024280
3.37554689,0.00008467,0.00010810,0.00023372,0.00025653,0.00026285,0.00024763,0.00019163,0.00009215,0.00013349,0.00023702,0.00021163
3.38296567,0.00006718,0.00009117,0.00022087,0.00024596,0.00025304,0.00023080,0.00016398,0.00004921,0.00009978,0.00021842,0.00018985
3.39038446,0.00005674,0.00008113,0.00020815,0.00023189,0.00024131,0.00021592,0.00014058,0.00001491,0.00007164,0.00019937,0.00017137
3.39780324,0.00004694,0.00006738,0.00019562,0.00021757,0.00022830,0.00020180,0.00012678,0.00000039,0.00005555,0.00018120,0.00015323
3.40522203,0.00003962,0.00006193,0.00017887,0.00020605,0.00021440,0.00018854,0.00011394,-0.00000950,0.00004555,0.00017025,0.00014164
3.41264081,0.00003623,0.00005815,0.00017095,0.00019361,0.00020328,0.00017574,0.00010279,-0.00001953,0.00003076,0.00014892,0.00011504
3.42005959,0.00003429,0.00005455,0.00015927,0.00018048,0.00018893,0.00015583,0.00008690,-0.00002502,0.00001964,0.00012771,0.00009109
3.42747838,0.00003514,0.00005141,0.00014704,0.00016470,0.00017104,0.00013824,0.00007460,-0.00002667,0.00001607,0.00011660,0.00008066
3.43489716,0.00003156,0.00004801,0.00013193,0.00014864,0.00015529,0.00012320,0.00006488,-0.00002875,0.00001032,0.00010359,0.00006506
3.44231595,0.00003270,0.00004797,0.00012178,0.00013634,0.00014434,0.00010961,0.00005470,-0.00003220,-0.00000074,0.00008197,0.00004088
3.44973473,0.00003057,0.00004268,0.00011696,0.00012587,0.00013579,0.00009852,0.00004626,-0.00003485,-0.00000727,0.00006791,0.00002705
3.45715352,0.00002768,0.00004078,0.00011186,0.00011930,0.00012718,0.00008994,0.00004021,-0.00003688,-0.00001460,0.00005289,0.00001358
3.46457230,0.00002540,0.00003738,0.00010357,0.00011078,0.00012057,0.00008280,0.00003559,-0.00003769,-0.00001753,0.00004534,0.00000607
3.47199109,0.00002504,0.00003760,0.00009341,0.00010174,0.00011078,0.00007353,0.00002911,-0.00003985,-0.00002096,0.00003902,0.00000056
3.47940987,0.00002294,0.00003333,0.00007866,0.00008595,0.00009330,0.00005860,0.00002008,-0.00004083,-0.00002477,0.00002928,-0.00000707
3.48682865,0.00002391,0.00003219,0.00006749,0.00006995,0.00007530,0.00004471,0.00001130,-0.00004133,-0.00002626,0.00002170,-0.00001238
3.49424744,0.00002133,0.00002963,0.00005414,0.00005895,0.00006446,0.00003581,0.00000615,-0.00004142,-0.00002704,0.00001807,-0.00001491
3.50166622,0.00002132,0.00002964,0.00004930,0.00005174,0.00005866,0.00003217,0.00000318,-0.00004254,-0.00002749,0.00001567,-0.00001655
3.50908501,0.00002081,0.00002872,0.00004942,0.00005108,0.00005666,0.00003061,0.00000207,-0.00004205,-0.00002820,0.00001485,-0.00001706
3.51650379,0.00002086,0.00003231,0.00004616,0.00004806,0.00005408,0.00002793,0.00000071,-0.00004308,-0.00002870,0.00001337,-0.00001794
3.52392258,0.00002044,0.00003052,0.00003686,0.00003730,0.00004534,0.00002202,-0.00000266,-0.00004242,-0.00002812,0.00001159,-0.00001942
3.53134136,0.00001914,0.00002837,0.00003022,0.00003128,0.00004014,0.00001759,-0.00000518,-0.00004193,-0.00002774,0.00000922,-0.00001955
3.53876014,0.00002058,0.00002967,0.00002963,0.00002850,0.00003662,0.00001563,-0.00000646,-0.00004186,-0.00002805,0.00000895,-0.00002029
3.54617893,0.00002209,0.00003045,0.00003131,0.00002548,0.00003321,0.00001261,-0.00000834,-0.00004205,-0.00002795,0.00000835,-0.00002090
3.55359771,0.00002236,0.00002843,0.00002722,0.00002198,0.00003000,0.00000926,-0.00001051,-0.00004236,-0.00002879,0.00000660,-0.00002292
3.56101650,0.00001764,0.00002625,0.00002146,0.00001788,0.00002635,0.00000752,-0.00001207,-0.00004328,-0.00003001,0.00000553,-0.00002373
3.56843528,0.00002119,0.00002530,0.00002074,0.00001448,0.00002292,0.00000421,-0.00001372,-0.00004375,-0.00003070,0.00000354,-0.00002490
3.57585407,0.00001760,0.00002563,0.00001712,0.00001185,0.00001980,0.00000111,-0.00001560,-0.00004336,-0.00002946,0.00000361,-0.00002475
3.58327285,0.00001947,0.00002871,0.00001614,0.00000898,0.00001695,-0.00000201,-0.00001764,-0.00004436,-0.00003087,0.00000228,-0.00002628
3.59069164,0.00001821,0.00002551,0.00000948,0.00000424,0.00001176,-0.00000585,-0.00002087,-0.00004488,-0.00003118,0.00000119,-0.00002707
3.59811042,0.00001704,0.00002315,0.00000342,-0.00000364,0.00000339,-0.00001308,-0.00002543,-0.00004518,-0.00003222,-0.00000177,-0.00002883
3.60552920,0.00001740,0.00002047,0.00000285,-0.00000523,0.00000105,-0.00001452,-0.00002648,-0.00004626,-0.00003311,-0.00000260,-0.00003005
3.61294799,0.00001808,0.00002535,0.00000492,-0.00000442,0.00000113,-0.00001495,-0.00002660,-0.00004589,-0.00003241,-0.00000188,-0.00003058
3.62036677,0.00001613,0.00001993,0.00000498,-0.00000570,0.00000040,-0.00001623,-0.00002712,-0.00004675,-0.00003281,-0.00000259,-0.00003100
3.62778556,0.00001879,0.00002359,0.00000514,-0.00000530,0.00000133,-0.00001589,-0.00002773,-0.00004773,-0.00003408,-0.00000382,-0.00003230
3.63520434,0.00001995,0.00001938,0.00000202,-0.00000552,0.00000030,-0.00001632,-0.00002799,-0.00004803,-0.00003407,-0.00000335,-0.00003174
3.64262313,0.00001674,0.00002306,-0.00000072,-0.00000602,0.00000083,-0.00001587,-0.00002823,-0.00004811,-0.00003462,-0.00000298,-0.00003234
3.65004191,0.00002009,0.00002357,0.00000403,-0.00000752,-0.00000057,-0.00001695,-0.00002891,-0.00004863,-0.00003541,-0.00000456,-0.00003319
3.65746069,0.00002003,0.00002236,0.00000276,-0.00000711,-0.00000014,-0.00001728,-0.00002877,-0.00004999,-0.00003560,-0.00000404,-0.00003339
3.66487948,0.00001983,0.00001550,-0.00000099,-0.00000712,-0.00000109,-0.00001724,-0.00002942,-0.00005075,-0.00003574,-0.00000492,-0.00003376
3.67229826,0.00001849,0.00001401,-0.00001321,-0.00001197,-0.00000157,-0.00001852,-0.00003011,-0.00005076,-0.00003588,-0.00000554,-0.00003407
3.67971705,0.00001274,0.00000937,0.00000174,-0.00000882,-0.00000269,-0.00001926,-0.00003035,-0.00004911,-0.00003452,-0.00000570,-0.00003455
3.68713583,0.00002143,0.00000842,0.00001154,-0.00001387,-0.00000175,-0.00001683,-0.00002819,-0.00004833,-0.00003575,-0.00000333,-0.00003496
3.69455462,0.00001898,0.00000792,-0.00000105,-0.00001099,-0.00000314,-0.00002177,-0.00003297,-0.00004892,-0.00003358,-0.00000525,-0.00003912
3.70197340,0.00003725,0.00003717,0.00001543,-0.00001209,-0.00001999,-0.00004296,-0.00004287,-0.00005366,-0.00004741,-0.00001747,-0.00004232
