# # q/A,1000000.0x,2000000.0x,3000000.0x,4000000.0x,5000000.0x,6000000.0x,7000000.0x,8000000.0x,9000000.0x,10000000.0
# 
0.00000000,0.00000000,0.00000000,0.00000000,0.00000000,0.00000000,0.00000000,0.00000000,0.00000000,0.00000000,0.00000000
0.00741878,0.00000000,0.00000000,0.00000000,0.00000000,0.00000000,0.00000000,0.00000000,0.00000000,0.00000000,0.00000000
0.01483757,0.00000000,0.00000000,0.00000000,0.00000000,0.00000000,0.00000000,0.00000000,0.00000000,0.00000000,0.00000000
0.02225635,0.00000000,0.00000000,0.00000000,0.00000000,0.00000000,0.00000000,0.00000000,0.00000000,0.00000000,0.00000000
0.02967514,0.00000000,0.00000000,0.00000000,0.00000000,0.00000000,0.00000000,0.00000000,0.00000000,0.00000000,0.00000000
0.03709392,0.00000000,0.00000000,0.00000000,0.00000000,0.00000000,0.00000000,0.00000000,0.00000000,0.00000000,0.00000000
0.04451271,0.00000000,0.00000000,0.00000000,0.00000000,0.00000000,0.00000000,0.00000000,0.00000000,0.00000000,0.00000000
0.05193149,0.00000000,0.00000000,0.00000000,0.00000000,0.00000000,0.00000000,0.00000000,0.00000000,0.00000000,0.00000000
0.05935027,0.00000000,0.00000000,0.00000000,0.00000000,0.00000000,0.00000000,0.00000000,0.00000000,0.00000000,0.00000000
0.06676906,0.00000000,0.00000000,0.00000000,0.00000000,0.00000000,0.00000000,0.00000000,0.00000000,0.00000000,0.00000000
0.07418784,0.00000000,0.00000000,0.00000000,0.00000000,0.00000000,0.00000000,0.00000000,0.00000000,0.00000000,0.00000000
0.08160663,0.00000000,0.00000000,0.00000000,0.00000000,0.00000000,0.00000000,0.00000000,0.00000000,0.00000000,0.00000000
0.08902541,0.00000000,0.00000000,0.00000000,0.00000000,0.00000000,0.00000000,0.00000000,0.00000000,0.00000000,0.00000000
0.09644420,0.00000000,0.00000000,0.00000000,0.00000000,0.00000000,0.00000000,0.00000000,0.00000000,0.00000000,0.00000000
0.10386298,0.00000000,0.00000000,0.00000000,0.00000000,0.00000000,0.00000000,0.00000000,0.00000000,0.00000000,0.00000000
0.11128177,0.00000000,0.00000000,0.00000000,0.00000000,0.00000000,0.00000000,0.00000000,0.00000000,0.00000000,0.00000000
0.11870055,0.00000000,0.00000000,0.00000000,0.00000000,0.00000000,0.00000000,0.00000000,0.00000000,0.00000000,0.00000000
0.12611933,0.00000000,0.00000000,0.00000000,0.00000000,0.00000000,0.00000000,0.00000000,0.00000000,0.00000000,0.00000000
0.13353812,0.00000000,0.00000000,0.00000000,0.00000000,0.00000000,0.00000000,0.00000000,0.00000000,0.00000000,0.00000000
0.14095690,0.00000000,0.00000000,0.00000000,0.00000000,0.00000000,0.00000000,0.00000000,0.00000000,0.00000000,0.00000000
0.14837569,0.00000000,0.00000000,0.00000000,0.00000000,0.00000000,0.00000000,0.00000000,0.00000000,0.00000000,0.00000000
0.15579447,0.00000000,0.00000000,0.00000000,0.00000000,0.00000000,0.00000000,0.00000000,0.00000000,0.00000000,0.00000000
0.16321326,0.00000000,0.00000000,0.00000000,0.00000000,0.00000000,0.00000000,0.00000000,0.00000000,0.00000000,0.00000000
0.17063204,0.00000000,0.00000000,0.00000000,0.00000000,0.00000000,0.00000000,0.00000000,0.00000000,0.00000000,0.00000000
0.17805082,0.00000000,0.00000000,0.00000000,0.00000000,0.00000000,0.00000000,0.00000000,0.00000000,0.00000000,0.00000000
0.18546961,0.00000000,0.00000000,0.00000000,0.00000000,0.00000000,0.00000000,0.00000000,0.00000000,0.00000000,0.00000000
0.19288839,0.00000000,0.00000000,0.00000000,0.00000000,0.00000000,0.00000000,0.00000000,0.00000000,0.00000000,0.00000000
0.20030718,0.00000000,0.00000000,0.00000000,0.00000000,0.00000000,0.00000000,0.00000000,0.00000000,0.00000000,0.00000000
0.20772596,0.00000000,0.00000000,0.00000000,0.00000000,0.00000000,0.00000000,0.00000000,0.00000000,0.00000000,0.00000000
0.21514475,0.00000000,0.00000000,0.00000000,0.00000000,0.00000000,0.00000000,0.00000000,0.00000000,0.00000000,0.00000000
0.22256353,0.00000000,0.00000000,0.00000000,0.00000000,0.00000000,0.00000000,0.00000000,0.00000000,0.00000000,0.00000000
0.22998232,0.00000000,0.00000000,0.00000000,0.00000000,0.00000000,0.00000000,0.00000000,0.00000000,0.00000000,0.00000000
0.23740110,0.00000000,0.00000000,0.00000000,0.00000000,0.00000000,0.00000000,0.00000000,0.00000000,0.00000000,0.00000000
0.24481988,0.00000000,0.00000000,0.00000000,0.00000000,0.00000000,0.00000000,0.00000000,0.00000000,0.00000000,0.00000000
0.25223867,0.00000000,0.00000000,0.00000000,0.00000000,0.00000000,0.00000000,0.00000000,0.00000000,0.00000000,0.00000000
0.25965745,0.00000000,0.00000037,0.00000021,0.00000027,0.00000021,0.00000048,0.00000052,0.00000000,0.00000000,0.00000000
0.26707624,0.00000000,0.00000030,0.00000014,0.00000013,0.00000025,0.00000031,0.00000021,0.00000000,0.00000000,0.00000000
0.27449502,0.00000000,0.00000028,0.00000014,0.00000012,0.00000025,0.00000022,0.00000030,0.00000000,0.00000000,0.00000000
0.28191381,0.00000000,0.00000017,0.00000014,0.00000011,0.00000021,0.00000023,0.00000023,0.00000000,0.00000000,0.00000000
0.28933259,0.00000000,0.00000020,0.00000013,0.00000011,0.00000020,0.00000015,0.00000032,0.00000000,0.00000000,0.00000000
0.29675137,0.00000000,0.00000021,0.00000011,0.00000010,0.00000018,0.00000017,0.00000037,0.00000000,0.00000000,0.00000000
0.30417016,0.00000000,0.00000026,0.00000015,0.00000014,0.00000021,0.00000019,0.00000036,0.00000000,0.00000000,0.00000000
0.31158894,0.00000000,0.00000025,0.00000011,0.00000012,0.00000019,0.00000018,0.00000032,0.00000000,0.00000000,0.00000000
0.31900773,0.00000000,0.00000021,0.00000012,0.00000012,0.00000022,0.00000013,0.00000027,0.00000000,0.00000000,0.00000000
0.32642651,0.00000000,0.00000018,0.00000011,0.00000010,0.00000020,0.00000018,0.00000024,0.00000000,0.00000000,0.00000000
0.33384530,0.00000000,0.00000020,0.00000011,0.00000009,0.00000019,0.00000016,0.00000037,0.00000000,0.00000000,0.00000000
0.34126408,0.00000000,0.00000023,0.00000012,0.00000010,0.00000018,0.00000018,0.00000032,0.00000000,0.00000000,0.00000000
0.34868287,0.00000000,0.00000020,0.00000010,0.00000009,0.00000018,0.00000021,0.00000026,0.00000000,0.00000000,0.00000000
0.35610165,0.00000000,0.00000022,0.00000011,0.00000011,0.00000017,0.00000018,0.00000024,0.00000000,0.00000000,0.00000000
0.36352043,0.00000000,0.00000023,0.00000010,0.00000009,0.00000016,0.00000016,0.00000024,0.00000000,0.00000000,0.00000000
0.37093922,0.00000000,0.00000018,0.00000009,0.00000008,0.00000017,0.00000019,0.00000023,0.00000000,0.00000000,0.00000000
0.37835800,0.00000000,0.00000023,0.00000011,0.00000009,0.00000015,0.00000020,0.00000018,0.00000000,0.00000000,0.00000000
0.38577679,0.00000000,0.00000021,0.00000010,0.00000008,0.00000015,0.00000016,0.00000019,0.00000000,0.00000000,0.00000000
0.39319557,0.00000000,0.00000023,0.00000012,0.00000009,0.00000017,0.00000015,0.00000020,0.00000000,0.00000000,0.00000000
0.40061436,0.00000000,0.00000024,0.00000010,0.00000009,0.00000017,0.00000020,0.00000020,0.00000000,0.00000000,0.00000000
0.40803314,0.00000000,0.00000025,0.00000009,0.00000009,0.00000016,0.00000021,0.00000026,0.00000000,0.00000000,0.00000000
0.41545192,0.00000000,0.00000022,0.00000010,0.00000009,0.00000016,0.00000021,0.00000016,0.00000000,0.00000000,0.00000000
0.42287071,0.00000000,0.00000020,0.00000010,0.00000008,0.00000015,0.00000018,0.00000022,0.00000000,0.00000000,0.00000000
0.43028949,0.00000000,0.00000021,0.00000010,0.00000008,0.00000016,0.00000018,0.00000016,0.00000000,0.00000000,0.00000000
0.43770828,0.00000000,0.00000021,0.00000010,0.00000008,0.00000017,0.00000016,0.00000021,0.00000000,0.00000000,0.00000000
0.44512706,0.00000000,0.00000021,0.00000010,0.00000008,0.00000015,0.00000020,0.00000021,0.00000000,0.00000000,0.00000000
0.45254585,0.00000000,0.00000022,0.00000010,0.00000008,0.00000015,0.00000020,0.00000024,0.00000000,0.00000000,0.00000000
0.45996463,0.00000000,0.00000024,0.00000010,0.00000009,0.00000015,0.00000019,0.00000023,0.00000000,0.00000000,0.00000000
0.46738342,0.00000000,0.00000019,0.00000011,0.00000008,0.00000015,0.00000015,0.00000023,0.00000000,0.00000000,0.00000000
0.47480220,0.00000000,0.00000021,0.00000009,0.00000008,0.00000015,0.00000018,0.00000019,0.00000000,0.00000000,0.00000000
0.48222098,0.00000000,0.00000021,0.00000009,0.00000009,0.00000015,0.00000017,0.00000023,0.00000000,0.00000000,0.00000000
0.48963977,0.00000000,0.00000019,0.00000010,0.00000008,0.00000014,0.00000016,0.00000023,0.00000000,0.00000000,0.00000000
0.49705855,0.00000000,0.00000020,0.00000009,0.00000009,0.00000015,0.00000017,0.00000019,0.00000000,0.00000000,0.00000000
0.50447734,0.00000000,0.00000022,0.00000009,0.00000008,0.00000016,0.00000019,0.00000018,0.00000000,0.00000000,0.00000000
0.51189612,0.00000000,0.00000022,0.00000009,0.00000008,0.00000016,0.00000016,0.00000021,0.00000000,0.00000000,0.00000000
0.51931491,0.00000000,0.00000022,0.00000009,0.00000009,0.00000015,0.00000018,0.00000022,0.00000000,0.00000000,0.00000000
0.52673369,0.00000000,0.00000021,0.00000010,0.00000008,0.00000015,0.00000018,0.00000018,0.00000000,0.00000000,0.00000000
0.53415247,0.00000000,0.00000022,0.00000010,0.00000008,0.00000015,0.00000018,0.00000021,0.00000000,0.00000000,0.00000000
0.54157126,0.00000000,0.00000021,0.00000010,0.00000008,0.00000015,0.00000016,0.00000023,0.00000000,0.00000000,0.00000000
0.54899004,0.00000000,0.00000021,0.00000010,0.00000008,0.00000016,0.00000018,0.00000026,0.00000000,0.00000000,0.00000000
0.55640883,0.00000000,0.00000023,0.00000009,0.00000008,0.00000014,0.00000017,0.00000020,0.00000000,0.00000000,0.00000000
0.56382761,0.00000000,0.00000020,0.00000010,0.00000008,0.00000014,0.00000015,0.00000021,0.00000000,0.00000000,0.00000000
0.57124640,0.00000000,0.00000021,0.00000010,0.00000007,0.00000015,0.00000015,0.00000021,0.00000000,0.00000000,0.00000000
0.57866518,0.00000000,0.00000021,0.00000009,0.00000008,0.00000016,0.00000015,0.00000018,0.00000000,0.00000000,0.00000000
0.58608397,0.00000000,0.00000022,0.00000010,0.00000008,0.00000015,0.00000018,0.00000023,0.00000000,0.00000000,0.00000000
0.59350275,0.00000000,0.00000022,0.00000010,0.00000008,0.00000015,0.00000017,0.00000021,0.00000000,0.00000000,0.00000000
0.60092153,0.00000000,0.00000021,0.00000010,0.00000008,0.00000016,0.00000017,0.00000020,0.00000000,0.00000000,0.00000000
0.60834032,0.00000000,0.00000021,0.00000010,0.00000008,0.00000015,0.00000016,0.00000020,0.00000000,0.00000000,0.00000000
0.61575910,0.00000000,0.00000023,0.00000009,0.00000008,0.00000015,0.00000014,0.00000018,0.00000000,0.00000000,0.00000000
0.62317789,0.00000000,0.00000021,0.00000009,0.00000008,0.00000015,0.00000016,0.00000029,0.00000000,0.00000000,0.00000000
0.63059667,0.00000000,0.00000018,0.00000009,0.00000008,0.00000014,0.00000017,0.00000017,0.00000000,0.00000000,0.00000000
0.63801546,0.00000000,0.00000022,0.00000009,0.00000008,0.00000014,0.00000017,0.00000023,0.00000000,0.00000000,0.00000000
0.64543424,0.00000000,0.00000022,0.00000010,0.00000008,0.00000015,0.00000020,0.00000021,0.00000000,0.00000000,0.00000000
0.65285302,0.00000000,0.00000021,0.00000010,0.00000008,0.00000014,0.00000016,0.00000023,0.00000000,0.00000000,0.00000000
0.66027181,0.00000000,0.00000022,0.00000009,0.00000008,0.00000014,0.00000014,0.00000020,0.00000000,0.00000000,0.00000000
0.66769059,0.00000000,0.00000021,0.00000009,0.00000008,0.00000014,0.00000017,0.00000024,0.00000000,0.00000000,0.00000000
0.67510938,0.00000000,0.00000020,0.00000009,0.00000008,0.00000015,0.00000014,0.00000026,0.00000000,0.00000000,0.00000000
0.68252816,0.00000000,0.00000021,0.00000009,0.00000008,0.00000014,0.00000017,0.00000016,0.00000000,0.00000000,0.00000000
0.68994695,0.00000000,0.00000020,0.00000009,0.00000008,0.00000014,0.00000019,0.00000028,0.00000000,0.00000000,0.00000000
0.69736573,0.00000000,0.00000023,0.00000009,0.00000008,0.00000014,0.00000019,0.00000025,0.00000000,0.00000000,0.00000000
0.70478452,0.00000000,0.00000022,0.00000009,0.00000008,0.00000015,0.00000018,0.00000018,0.00000000,0.00000000,0.00000000
0.71220330,0.00000000,0.00000022,0.00000010,0.00000008,0.00000015,0.00000018,0.00000018,0.00000000,0.00000000,0.00000000
0.71962208,0.00000000,0.00000021,0.00000009,0.00000008,0.00000015,0.00000019,0.00000016,0.00000000,0.00000000,0.00000000
0.72704087,0.00000000,0.00000022,0.00000009,0.00000008,0.00000015,0.00000018,0.00000021,0.00000000,0.00000000,0.00000000
0.73445965,0.00000000,0.00000021,0.00000010,0.00000008,0.00000015,0.00000017,0.00000021,0.00000000,0.00000000,0.00000000
0.74187844,0.00000000,0.00000021,0.00000010,0.00000008,0.00000016,0.00000017,0.00000025,0.00000000,0.00000000,0.00000000
0.74929722,0.00000000,0.00000021,0.00000010,0.00000009,0.00000015,0.00000016,0.00000021,0.00000000,0.00000000,0.00000000
0.75671601,0.00000000,0.00000022,0.00000010,0.00000008,0.00000014,0.00000014,0.00000020,0.00000000,0.00000000,0.00000000
0.76413479,0.00000000,0.00000022,0.00000009,0.00000009,0.00000016,0.00000014,0.00000019,0.00000000,0.00000000,0.00000000
0.77155357,0.00000000,0.00000021,0.00000010,0.00000008,0.00000015,0.00000017,0.00000022,0.00000000,0.00000000,0.00000000
0.77897236,0.00000000,0.00000024,0.00000009,0.00000008,0.00000015,0.00000017,0.00000021,0.00000000,0.00000000,0.00000000
0.78639114,0.00000000,0.00000021,0.00000010,0.00000008,0.00000015,0.00000016,0.00000020,0.00000000,0.00000000,0.00000000
0.79380993,0.00000000,0.00000022,0.00000010,0.00000008,0.00000016,0.00000018,0.00000022,0.00000000,0.00000000,0.00000000
0.80122871,0.00000000,0.00000023,0.00000009,0.00000008,0.00000015,0.00000018,0.00000021,0.00000000,0.00000000,0.00000000
0.80864750,0.00000000,0.00000023,0.00000009,0.00000008,0.00000016,0.00000018,0.00000021,0.00000000,0.00000000,0.00000000
0.81606628,0.00000000,0.00000021,0.00000010,0.00000008,0.00000015,0.00000016,0.00000024,0.00000000,0.00000000,0.00000000
0.82348507,0.00000000,0.00000023,0.00000010,0.00000008,0.00000016,0.00000017,0.00000025,0.00000000,0.00000000,0.00000000
0.83090385,0.00000000,0.00000021,0.00000010,0.00000008,0.00000015,0.00000017,0.00000023,0.00000000,0.00000000,0.00000000
0.83832263,0.00000000,0.00000021,0.00000009,0.00000008,0.00000014,0.00000015,0.00000020,0.00000000,0.00000000,0.00000000
0.84574142,0.00000000,0.00000021,0.00000009,0.00000008,0.00000015,0.00000018,0.00000020,0.00000000,0.00000000,0.00000000
0.85316020,0.00000000,0.00000022,0.00000010,0.00000008,0.00000015,0.00000017,0.00000021,0.00000000,0.00000000,0.00000000
0.86057899,0.00000000,0.00000023,0.00000010,0.00000009,0.00000016,0.00000018,0.00000021,0.00000000,0.00000000,0.00000000
0.86799777,0.00000000,0.00000022,0.00000010,0.00000008,0.00000015,0.00000019,0.00000024,0.00000000,0.00000000,0.00000000
0.87541656,0.00000000,0.00000022,0.00000010,0.00000009,0.00000016,0.00000016,0.00000024,0.00000000,0.00000000,0.00000000
0.88283534,0.00000000,0.00000024,0.00000010,0.00000008,0.00000015,0.00000018,0.00000019,0.00000000,0.00000000,0.00000000
0.89025412,0.00000000,0.00000021,0.00000010,0.00000008,0.00000016,0.00000018,0.00000026,0.00000000,0.00000000,0.00000000
0.89767291,0.00000000,0.00000022,0.00000011,0.00000008,0.00000014,0.00000017,0.00000021,0.00000000,0.00000000,0.00000000
0.90509169,0.00000000,0.00000021,0.00000010,0.00000008,0.00000015,0.00000016,0.00000023,0.00000000,0.00000000,0.00000000
0.91251048,0.00000000,0.00000022,0.00000010,0.00000008,0.00000015,0.00000018,0.00000019,0.00000000,0.00000000,0.00000000
0.91992926,0.00000000,0.00000024,0.00000010,0.00000008,0.00000016,0.00000017,0.00000019,0.00000000,0.00000000,0.00000000
0.92734805,0.00000000,0.00000023,0.00000010,0.00000008,0.00000016,0.00000017,0.00000022,0.00000000,0.00000000,0.00000000
0.93476683,0.00000000,0.00000024,0.00000010,0.00000008,0.00000015,0.00000016,0.00000022,0.00000000,0.00000000,0.00000000
0.94218562,0.00000000,0.00000024,0.00000010,0.00000008,0.00000015,0.00000014,0.00000022,0.00000000,0.00000000,0.00000000
0.94960440,0.00000000,0.00000023,0.00000010,0.00000008,0.00000015,0.00000017,0.00000023,0.00000000,0.00000000,0.00000000
0.95702318,0.00000000,0.00000024,0.00000010,0.00000008,0.00000016,0.00000019,0.00000019,0.00000000,0.00000000,0.00000000
0.96444197,0.00000000,0.00000025,0.00000010,0.00000008,0.00000015,0.00000015,0.00000027,0.00000000,0.00000000,0.00000000
0.97186075,0.00000000,0.00000024,0.00000010,0.00000008,0.00000015,0.00000018,0.00000022,0.00000000,0.00000000,0.00000000
0.97927954,0.00000000,0.00000023,0.00000011,0.00000008,0.00000016,0.00000018,0.00000019,0.00000000,0.00000000,0.00000000
0.98669832,0.00000000,0.00000026,0.00000011,0.00000008,0.00000016,0.00000019,0.00000020,0.00000000,0.00000000,0.00000000
0.99411711,0.00000000,0.00000023,0.00000011,0.00000008,0.00000016,0.00000018,0.00000022,0.00000000,0.00000000,0.00000000
1.00153589,0.00000000,0.00000024,0.00000011,0.00000008,0.00000016,0.00000019,0.00000020,0.00000000,0.00000000,0.00000000
1.00895467,0.00000000,0.00000023,0.00000010,0.00000009,0.00000015,0.00000019,0.00000027,0.00000000,0.00000000,0.00000000
1.01637346,0.00000000,0.00000024,0.00000010,0.00000009,0.00000017,0.00000019,0.00000027,0.00000000,0.00000000,0.00000000
1.02379224,0.00000000,0.00000024,0.00000011,0.00000009,0.00000016,0.00000019,0.00000025,0.00000000,0.00000000,0.00000000
1.03121103,0.00000000,0.00000024,0.00000010,0.00000009,0.00000016,0.00000019,0.00000022,0.00000000,0.00000000,0.00000000
1.03862981,0.00000000,0.00000022,0.00000011,0.00000008,0.00000016,0.00000018,0.00000022,0.00000000,0.00000000,0.00000000
1.04604860,0.00000000,0.00000025,0.00000011,0.00000008,0.00000017,0.00000019,0.00000022,0.00000000,0.00000000,0.00000000
1.05346738,0.00000000,0.00000023,0.00000010,0.00000009,0.00000017,0.00000016,0.00000026,0.00000000,0.00000000,0.00000000
1.06088616,0.00000000,0.00000024,0.00000011,0.00000008,0.00000016,0.00000019,0.00000025,0.00000000,0.00000000,0.00000000
1.06830495,0.00000000,0.00000025,0.00000011,0.00000009,0.00000017,0.00000019,0.00000020,0.00000000,0.00000000,0.00000000
1.07572373,0.00000000,0.00000024,0.00000011,0.00000009,0.00000017,0.00000019,0.00000022,0.00000000,0.00000000,0.00000000
1.08314252,0.00000000,0.00000026,0.00000011,0.00000009,0.00000016,0.00000019,0.00000024,0.00000000,0.00000000,0.00000000
1.09056130,0.00000000,0.00000026,0.00000011,0.00000009,0.00000017,0.00000018,0.00000023,0.00000000,0.00000000,0.00000000
1.09798009,0.00000000,0.00000025,0.00000011,0.00000009,0.00000017,0.00000021,0.00000026,0.00000000,0.00000000,0.00000000
1.10539887,0.00000000,0.00000027,0.00000011,0.00000009,0.00000017,0.00000020,0.00000027,0.00000000,0.00000000,0.00000000
1.11281766,0.00000000,0.00000026,0.00000011,0.00000009,0.00000017,0.00000018,0.00000026,0.00000000,0.00000000,0.00000000
1.12023644,0.00000000,0.00000025,0.00000011,0.00000009,0.00000017,0.00000019,0.00000027,0.00000000,0.00000000,0.00000000
1.12765522,0.00000000,0.00000025,0.00000011,0.00000009,0.00000016,0.00000020,0.00000025,0.00000000,0.00000000,0.00000000
1.13507401,0.00000000,0.00000026,0.00000010,0.00000009,0.00000017,0.00000020,0.00000026,0.00000000,0.00000000,0.00000000
1.14249279,0.00000000,0.00000027,0.00000011,0.00000009,0.00000017,0.00000019,0.00000026,0.00000000,0.00000000,0.00000000
1.14991158,0.00000000,0.00000026,0.00000011,0.00000009,0.00000017,0.00000019,0.00000025,0.00000000,0.00000000,0.00000000
1.15733036,0.00000000,0.00000026,0.00000011,0.00000009,0.00000017,0.00000020,0.00000024,0.00000000,0.00000000,0.00000000
1.16474915,0.00000000,0.00000027,0.00000011,0.00000009,0.00000018,0.00000020,0.00000026,0.00000000,0.00000000,0.00000000
1.17216793,0.00000000,0.00000026,0.00000012,0.00000009,0.00000018,0.00000021,0.00000026,0.00000000,0.00000000,0.00000000
1.17958671,0.00000000,0.00000026,0.00000012,0.00000009,0.00000017,0.00000020,0.00000025,0.00000000,0.00000000,0.00000000
1.18700550,0.00000000,0.00000027,0.00000012,0.00000009,0.00000018,0.00000020,0.00000025,0.00000000,0.00000000,0.00000000
1.19442428,0.00000000,0.00000026,0.00000012,0.00000009,0.00000017,0.00000020,0.00000024,0.00000000,0.00000000,0.00000000
1.20184307,0.00000000,0.00000028,0.00000012,0.00000009,0.00000018,0.00000021,0.00000027,0.00000000,0.00000000,0.00000000
1.20926185,0.00000000,0.00000027,0.00000012,0.00000010,0.00000018,0.00000022,0.00000025,0.00000000,0.00000000,0.00000000
1.21668064,0.00000000,0.00000027,0.00000012,0.00000009,0.00000018,0.00000021,0.00000027,0.00000000,0.00000000,0.00000000
1.22409942,0.00000000,0.00000029,0.00000012,0.00000009,0.00000018,0.00000020,0.00000024,0.00000000,0.00000000,0.00000000
1.23151821,0.00000000,0.00000028,0.00000012,0.00000009,0.00000017,0.00000022,0.00000027,0.00000000,0.00000000,0.00000000
1.23893699,0.00000000,0.00000027,0.00000012,0.00000009,0.00000018,0.00000021,0.00000029,0.00000000,0.00000000,0.00000000
1.24635577,0.00000000,0.00000029,0.00000012,0.00000010,0.00000019,0.00000023,0.00000026,0.00000000,0.00000000,0.00000000
1.25377456,0.00000000,0.00000030,0.00000013,0.00000010,0.00000018,0.00000022,0.00000027,0.00000000,0.00000000,0.00000000
1.26119334,0.00000000,0.00000030,0.00000012,0.00000010,0.00000017,0.00000022,0.00000026,0.00000000,0.00000000,0.00000000
1.26861213,0.00000000,0.00000030,0.00000012,0.00000010,0.00000018,0.00000023,0.00000025,0.00000000,0.00000000,0.00000000
1.27603091,0.00000000,0.00000031,0.00000012,0.00000010,0.00000018,0.00000023,0.00000027,0.00000000,0.00000000,0.00000000
1.28344970,0.00000000,0.00000030,0.00000013,0.00000010,0.00000019,0.00000023,0.00000026,0.00000000,0.00000000,0.00000000
1.29086848,0.00000000,0.00000030,0.00000012,0.00000010,0.00000018,0.00000024,0.00000028,0.00000000,0.00000000,0.00000000
1.29828726,0.00000000,0.00000030,0.00000013,0.00000010,0.00000018,0.00000022,0.00000023,0.00000000,0.00000000,0.00000000
1.30570605,0.00000000,0.00000032,0.00000013,0.00000010,0.00000019,0.00000024,0.00000028,0.00000000,0.00000000,0.00000000
1.31312483,0.00000000,0.00000030,0.00000013,0.00000011,0.00000018,0.00000023,0.00000027,0.00000000,0.00000000,0.00000000
1.32054362,0.00000000,0.00000032,0.00000013,0.00000011,0.00000018,0.00000026,0.00000027,0.00000000,0.00000000,0.00000000
1.32796240,0.00000000,0.00000032,0.00000013,0.00000011,0.00000020,0.00000025,0.00000029,0.00000000,0.00000000,0.00000000
1.33538119,0.00000000,0.00000034,0.00000013,0.00000011,0.00000019,0.00000025,0.00000026,0.00000000,0.00000000,0.00000000
1.34279997,0.00000000,0.00000033,0.00000013,0.00000011,0.00000019,0.00000023,0.00000027,0.00000000,0.00000000,0.00000000
1.35021876,0.00000000,0.00000033,0.00000013,0.00000011,0.00000019,0.00000023,0.00000029,0.00000000,0.00000000,0.00000000
1.35763754,0.00000000,0.00000034,0.00000014,0.00000011,0.00000020,0.00000027,0.00000031,0.00000000,0.00000000,0.00000000
1.36505632,0.00000000,0.00000034,0.00000013,0.00000011,0.00000019,0.00000025,0.00000029,0.00000000,0.00000000,0.00000000
1.37247511,0.00000000,0.00000033,0.00000014,0.00000011,0.00000020,0.00000024,0.00000030,0.00000000,0.00000000,0.00000000
1.37989389,0.00000000,0.00000033,0.00000014,0.00000011,0.00000020,0.00000025,0.00000033,0.00000000,0.00000000,0.00000000
1.38731268,0.00000000,0.00000032,0.00000014,0.00000011,0.00000019,0.00000023,0.00000031,0.00000000,0.00000000,0.00000000
1.39473146,0.00000000,0.00000035,0.00000014,0.00000012,0.00000021,0.00000026,0.00000035,0.00000000,0.00000000,0.00000000
1.40215025,0.00000000,0.00000035,0.00000014,0.00000012,0.00000020,0.00000027,0.00000032,0.00000000,0.00000000,0.00000000
1.40956903,0.00000000,0.00000037,0.00000015,0.00000012,0.00000020,0.00000027,0.00000030,0.00000000,0.00000000,0.00000000
1.41698781,0.00000000,0.00000036,0.00000015,0.00000012,0.00000021,0.00000028,0.00000031,0.00000000,0.00000000,0.00000000
1.42440660,0.00000000,0.00000035,0.00000015,0.00000012,0.00000022,0.00000028,0.00000033,0.00000000,0.00000000,0.00000000
1.43182538,0.00000000,0.00000036,0.00000015,0.00000012,0.00000021,0.00000029,0.00000029,0.00000000,0.00000000,0.00000000
1.43924417,0.00000000,0.00000037,0.00000015,0.00000012,0.00000022,0.00000026,0.00000031,0.00000000,0.00000000,0.00000000
1.44666295,0.00000000,0.00000036,0.00000015,0.00000013,0.00000021,0.00000027,0.00000037,0.00000000,0.00000000,0.00000000
1.45408174,0.00000000,0.00000037,0.00000015,0.00000013,0.00000021,0.00000028,0.00000034,0.00000000,0.00000000,0.00000000
1.46150052,0.00000000,0.00000037,0.00000016,0.00000013,0.00000021,0.00000026,0.00000032,0.00000000,0.00000000,0.00000000
1.46891931,0.00000000,0.00000036,0.00000016,0.00000013,0.00000022,0.00000029,0.00000034,0.00000000,0.00000000,0.00000000
1.47633809,0.00000000,0.00000038,0.00000016,0.00000013,0.00000022,0.00000030,0.00000033,0.00000000,0.00000000,0.00000000
1.48375687,0.00000000,0.00000040,0.00000015,0.00000013,0.00000023,0.00000029,0.00000037,0.00000000,0.00000000,0.00000000
1.49117566,0.00000000,0.00000041,0.00000016,0.00000014,0.00000023,0.00000028,0.00000038,0.00000000,0.00000000,0.00000000
1.49859444,0.00000000,0.00000041,0.00000016,0.00000014,0.00000023,0.00000029,0.00000039,0.00000000,0.00000000,0.00000000
1.50601323,0.00000000,0.00000038,0.00000017,0.00000014,0.00000022,0.00000031,0.00000037,0.00000000,0.00000000,0.00000000
1.51343201,0.00000000,0.00000039,0.00000016,0.00000013,0.00000024,0.00000031,0.00000040,0.00000000,0.00000000,0.00000000
1.52085080,0.00000000,0.00000040,0.00000017,0.00000015,0.00000023,0.00000031,0.00000037,0.00000000,0.00000000,0.00000000
1.52826958,0.00000000,0.00000042,0.00000017,0.00000014,0.00000023,0.00000032,0.00000040,0.00000000,0.00000000,0.00000000
1.53568836,0.00000000,0.00000043,0.00000017,0.00000014,0.00000024,0.00000031,0.00000036,0.00000000,0.00000000,0.00000000
1.54310715,0.00000000,0.00000039,0.00000017,0.00000014,0.00000024,0.00000033,0.00000036,0.00000000,0.00000000,0.00000000
1.55052593,0.00000000,0.00000044,0.00000017,0.00000015,0.00000024,0.00000032,0.00000038,0.00000000,0.00000000,0.00000000
1.55794472,0.00000000,0.00000045,0.00000017,0.00000015,0.00000023,0.00000033,0.00000038,0.00000000,0.00000000,0.00000000
1.56536350,0.00000000,0.00000045,0.00000018,0.00000015,0.00000025,0.00000034,0.00000039,0.00000000,0.00000000,0.00000000
1.57278229,0.00000000,0.00000044,0.00000018,0.00000015,0.00000024,0.00000033,0.00000040,0.00000000,0.00000000,0.00000000
1.58020107,0.00000000,0.00000045,0.00000018,0.00000015,0.00000025,0.00000034,0.00000041,0.00000000,0.00000000,0.00000000
1.58761986,0.00000000,0.00000045,0.00000018,0.00000015,0.00000025,0.00000035,0.00000041,0.00000000,0.00000000,0.00000000
1.59503864,0.00000000,0.00000046,0.00000019,0.00000015,0.00000025,0.00000035,0.00000039,0.00000000,0.00000000,0.00000000
1.60245742,0.00000000,0.00000047,0.00000019,0.00000015,0.00000026,0.00000034,0.00000039,0.00000000,0.00000000,0.00000000
1.60987621,0.00000000,0.00000047,0.00000019,0.00000015,0.00000026,0.00000034,0.00000044,0.00000000,0.00000000,0.00000000
1.61729499,0.00000000,0.00000047,0.00000019,0.00000016,0.00000026,0.00000036,0.00000043,0.00000000,0.00000000,0.00000000
1.62471378,0.00000000,0.00000047,0.00000020,0.00000016,0.00000026,0.00000036,0.00000045,0.00000000,0.00000000,0.00000000
1.63213256,0.00000000,0.00000048,0.00000019,0.00000017,0.00000026,0.00000034,0.00000047,0.00000000,0.00000000,0.00000000
1.63955135,0.00000000,0.00000049,0.00000020,0.00000017,0.00000028,0.00000038,0.00000039,0.00000000,0.00000000,0.00000000
1.64697013,0.00000000,0.00000051,0.00000020,0.00000016,0.00000026,0.00000038,0.00000043,0.00000000,0.00000000,0.00000000
1.65438891,0.00000000,0.00000050,0.00000020,0.00000017,0.00000027,0.00000037,0.00000044,0.00000000,0.00000000,0.00000000
1.66180770,0.00000000,0.00000050,0.00000020,0.00000017,0.00000028,0.00000038,0.00000047,0.00000000,0.00000000,0.00000000
1.66922648,0.00000000,0.00000052,0.00000021,0.00000017,0.00000027,0.00000039,0.00000048,0.00000000,0.00000000,0.00000000
1.67664527,0.00000000,0.00000054,0.00000021,0.00000018,0.00000029,0.00000040,0.00000044,0.00000000,0.00000000,0.00000000
1.68406405,0.00000000,0.00000050,0.00000021,0.00000018,0.00000029,0.00000040,0.00000045,0.00000000,0.00000000,0.00000000
1.69148284,0.00000000,0.00000055,0.00000022,0.00000018,0.00000028,0.00000039,0.00000050,0.00000000,0.00000000,0.00000000
1.69890162,0.00000000,0.00000054,0.00000022,0.00000018,0.00000029,0.00000040,0.00000049,0.00000000,0.00000000,0.00000000
1.70632041,0.00000000,0.00000057,0.00000022,0.00000018,0.00000029,0.00000039,0.00000049,0.00000000,0.00000000,0.00000000
1.71373919,0.00000000,0.00000057,0.00000022,0.00000019,0.00000030,0.00000040,0.00000049,0.00000000,0.00000000,0.00000000
1.72115797,0.00000000,0.00000059,0.00000022,0.00000019,0.00000030,0.00000045,0.00000052,0.00000000,0.00000000,0.00000000
1.72857676,0.00000000,0.00000059,0.00000023,0.00000019,0.00000030,0.00000042,0.00000051,0.00000000,0.00000000,0.00000000
1.73599554,0.00000000,0.00000059,0.00000023,0.00000019,0.00000032,0.00000042,0.00000054,0.00000000,0.00000000,0.00000000
1.74341433,0.00000000,0.00000060,0.00000024,0.00000019,0.00000030,0.00000044,0.00000052,0.00000000,0.00000000,0.00000000
1.75083311,0.00000000,0.00000062,0.00000023,0.00000019,0.00000031,0.00000043,0.00000053,0.00000000,0.00000000,0.00000000
1.75825190,0.00000000,0.00000061,0.00000024,0.00000020,0.00000031,0.00000045,0.00000051,0.00000000,0.00000000,0.00000000
1.76567068,0.00000000,0.00000063,0.00000024,0.00000020,0.00000032,0.00000046,0.00000053,0.00000000,0.00000000,0.00000000
1.77308946,0.00000000,0.00000062,0.00000025,0.00000020,0.00000032,0.00000046,0.00000048,0.00000000,0.00000000,0.00000000
1.78050825,0.00000000,0.00000064,0.00000025,0.00000021,0.00000032,0.00000048,0.00000056,0.00000000,0.00000000,0.00000000
1.78792703,0.00000000,0.00000065,0.00000025,0.00000021,0.00000032,0.00000047,0.00000057,0.00000000,0.00000000,0.00000000
1.79534582,0.00000000,0.00000065,0.00000025,0.00000021,0.00000034,0.00000051,0.00000056,0.00000000,0.00000000,0.00000000
1.80276460,0.00000000,0.00000067,0.00000026,0.00000021,0.00000034,0.00000049,0.00000059,0.00000000,0.00000000,0.00000000
1.81018339,0.00000000,0.00000067,0.00000026,0.00000022,0.00000034,0.00000050,0.00000056,0.00000000,0.00000000,0.00000000
1.81760217,0.00000000,0.00000067,0.00000026,0.00000022,0.00000034,0.00000049,0.00000057,0.00000000,0.00000000,0.00000000
1.82502096,0.00000000,0.00000069,0.00000026,0.00000022,0.00000035,0.00000051,0.00000060,0.00000000,0.00000000,0.00000000
1.83243974,0.00000000,0.00000069,0.00000027,0.00000022,0.00000035,0.00000050,0.00000058,0.00000000,0.00000000,0.00000000
1.83985852,0.00000000,0.00000070,0.00000027,0.00000022,0.00000036,0.00000050,0.00000060,0.00000000,0.00000000,0.00000000
1.84727731,0.00000000,0.00000070,0.00000028,0.00000023,0.00000036,0.00000052,0.00000060,0.00000000,0.00000000,0.00000000
1.85469609,0.00000000,0.00000072,0.00000028,0.00000023,0.00000037,0.00000053,0.00000059,0.00000000,0.00000000,0.00000000
1.86211488,0.00000000,0.00000072,0.00000028,0.00000023,0.00000037,0.00000056,0.00000061,0.00000000,0.00000000,0.00000000
1.86953366,0.00000000,0.00000072,0.00000028,0.00000024,0.00000037,0.00000053,0.00000061,0.00000000,0.00000000,0.00000000
1.87695245,0.00000000,0.00000075,0.00000028,0.00000024,0.00000038,0.00000053,0.00000065,0.00000000,0.00000000,0.00000000
1.88437123,0.00000000,0.00000075,0.00000029,0.00000024,0.00000038,0.00000055,0.00000060,0.00000000,0.00000000,0.00000000
1.89179001,0.00000000,0.00000075,0.00000029,0.00000025,0.00000038,0.00000056,0.00000065,0.00000000,0.00000000,0.00000000
1.89920880,0.00000000,0.00000077,0.00000030,0.00000024,0.00000038,0.00000057,0.00000061,0.00000000,0.00000000,0.00000000
1.90662758,0.00000000,0.00000078,0.00000029,0.00000025,0.00000038,0.00000059,0.00000063,0.00000000,0.00000000,0.00000000
1.91404637,0.00000000,0.00000079,0.00000030,0.00000025,0.00000038,0.00000057,0.00000068,0.00000000,0.00000000,0.00000000
1.92146515,0.00000000,0.00000080,0.00000030,0.00000025,0.00000038,0.00000059,0.00000067,0.00000000,0.00000000,0.00000000
1.92888394,0.00000000,0.00000081,0.00000030,0.00000025,0.00000039,0.00000058,0.00000067,0.00000000,0.00000000,0.00000000
1.93630272,0.00000000,0.00000081,0.00000031,0.00000026,0.00000040,0.00000059,0.00000070,0.00000000,0.00000000,0.00000000
1.94372151,0.00000000,0.00000081,0.00000031,0.00000026,0.00000039,0.00000058,0.00000068,0.00000000,0.00000000,0.00000000
1.95114029,0.00000000,0.00000082,0.00000031,0.00000026,0.00000040,0.00000062,0.00000068,0.00000000,0.00000000,0.00000000
1.95855907,0.00000000,0.00000082,0.00000032,0.00000026,0.00000040,0.00000061,0.00000074,0.00000000,0.00000000,0.00000000
1.96597786,0.00000000,0.00000084,0.00000031,0.00000026,0.00000040,0.00000062,0.00000070,0.00000000,0.00000000,0.00000000
1.97339664,0.00000000,0.00000085,0.00000031,0.00000027,0.00000040,0.00000061,0.00000070,0.00000000,0.00000000,0.00000000
1.98081543,0.00000000,0.00000085,0.00000032,0.00000027,0.00000040,0.00000062,0.00000065,0.00000000,0.00000000,0.00000000
1.98823421,0.00000000,0.00000084,0.00000032,0.00000027,0.00000040,0.00000062,0.00000071,0.00000000,0.00000000,0.00000000
1.99565300,0.00000000,0.00000088,0.00000032,0.00000027,0.00000040,0.00000063,0.00000067,0.00000000,0.00000000,0.00000000
2.00307178,0.00000000,0.00000086,0.00000032,0.00000027,0.00000041,0.00000064,0.00000070,0.00000000,0.00000000,0.00000000
2.01049056,0.00000000,0.00000087,0.00000033,0.00000027,0.00000042,0.00000065,0.00000068,0.00000000,0.00000000,0.00000000
2.01790935,0.00000000,0.00000086,0.00000033,0.00000028,0.00000041,0.00000066,0.00000072,0.00000000,0.00000000,0.00000000
2.02532813,0.00000000,0.00000088,0.00000033,0.00000028,0.00000041,0.00000064,0.00000073,0.00000000,0.00000000,0.00000000
2.03274692,0.00000000,0.00000087,0.00000033,0.00000027,0.00000042,0.00000065,0.00000074,0.00000000,0.00000000,0.00000000
2.04016570,0.00000000,0.00000089,0.00000033,0.00000027,0.00000042,0.00000064,0.00000071,0.00000000,0.00000000,0.00000000
2.04758449,0.00000000,0.00000089,0.00000032,0.00000028,0.00000041,0.00000066,0.00000071,0.00000000,0.00000000,0.00000000
2.05500327,0.00000000,0.00000089,0.00000033,0.00000028,0.00000041,0.00000066,0.00000075,0.00000000,0.00000000,0.00000000
2.06242205,0.00000000,0.00000087,0.00000033,0.00000028,0.00000041,0.00000065,0.00000072,0.00000000,0.00000000,0.00000000
2.06984084,0.00000000,0.00000089,0.00000033,0.00000028,0.00000041,0.00000065,0.00000071,0.00000000,0.00000000,0.00000000
2.07725962,0.00000000,0.00000088,0.00000033,0.00000028,0.00000042,0.00000065,0.00000072,0.00000000,0.00000000,0.00000000
2.08467841,0.00000000,0.00000090,0.00000034,0.00000028,0.00000042,0.00000065,0.00000073,0.00000000,0.00000000,0.00000000
2.09209719,0.00000000,0.00000089,0.00000033,0.00000028,0.00000042,0.00000063,0.00000070,0.00000000,0.00000000,0.00000000
2.09951598,0.00000000,0.00000088,0.00000034,0.00000028,0.00000041,0.00000065,0.00000073,0.00000000,0.00000000,0.00000000
2.10693476,0.00000000,0.00000088,0.00000032,0.00000028,0.00000041,0.00000065,0.00000066,0.00000000,0.00000000,0.00000000
2.11435355,0.00000000,0.00000088,0.00000033,0.00000028,0.00000041,0.00000066,0.00000071,0.00000000,0.00000000,0.00000000
2.12177233,0.00000000,0.00000086,0.00000033,0.00000027,0.00000041,0.00000063,0.00000073,0.00000000,0.00000000,0.00000000
2.12919111,0.00000000,0.00000087,0.00000033,0.00000027,0.00000040,0.00000064,0.00000071,0.00000000,0.00000000,0.00000000
2.13660990,0.00000000,0.00000088,0.00000032,0.00000027,0.00000041,0.00000064,0.00000070,0.00000000,0.00000000,0.00000000
2.14402868,0.00000000,0.00000086,0.00000033,0.00000027,0.00000040,0.00000062,0.00000073,0.00000000,0.00000000,0.00000000
2.15144747,0.00000000,0.00000086,0.00000032,0.00000027,0.00000040,0.00000064,0.00000070,0.00000000,0.00000000,0.00000000
2.15886625,0.00000000,0.00000086,0.00000032,0.00000027,0.00000039,0.00000063,0.00000068,0.00000000,0.00000000,0.00000000
2.16628504,0.00000000,0.00000087,0.00000032,0.00000027,0.00000040,0.00000064,0.00000071,0.00000000,0.00000000,0.00000000
2.17370382,0.00000000,0.00000086,0.00000032,0.00000027,0.00000040,0.00000064,0.00000072,0.00000000,0.00000000,0.00000000
2.18112260,0.00000000,0.00000086,0.00000032,0.00000027,0.00000039,0.00000063,0.00000067,0.00000000,0.00000000,0.00000000
2.18854139,0.00000000,0.00000084,0.00000032,0.00000027,0.00000039,0.00000062,0.00000068,0.00000000,0.00000000,0.00000000
2.19596017,0.00000000,0.00000085,0.00000032,0.00000026,0.00000039,0.00000062,0.00000063,0.00000000,0.00000000,0.00000000
2.20337896,0.00000000,0.00000085,0.00000031,0.00000026,0.00000039,0.00000061,0.00000065,0.00000000,0.00000000,0.00000000
2.21079774,0.00000000,0.00000084,0.00000030,0.00000026,0.00000039,0.00000063,0.00000065,0.00000000,0.00000000,0.00000000
2.21821653,0.00000000,0.00000082,0.00000030,0.00000026,0.00000037,0.00000062,0.00000064,0.00000000,0.00000000,0.00000000
2.22563531,0.00000000,0.00000083,0.00000031,0.00000025,0.00000037,0.00000061,0.00000068,0.00000000,0.00000000,0.00000000
2.23305410,0.00000000,0.00000081,0.00000030,0.00000025,0.00000038,0.00000062,0.00000064,0.00000000,0.00000000,0.00000000
2.24047288,0.00000000,0.00000082,0.00000029,0.00000025,0.00000036,0.00000060,0.00000062,0.00000000,0.00000000,0.00000000
2.24789166,0.00000000,0.00000080,0.00000029,0.00000025,0.00000037,0.00000059,0.00000061,0.00000000,0.00000000,0.00000000
2.25531045,0.00000000,0.00000079,0.00000029,0.00000024,0.00000036,0.00000057,0.00000063,0.00000000,0.00000000,0.00000000
2.26272923,0.00000000,0.00000079,0.00000029,0.00000024,0.00000036,0.00000056,0.00000061,0.00000000,0.00000000,0.00000000
2.27014802,0.00000000,0.00000078,0.00000029,0.00000024,0.00000035,0.00000056,0.00000061,0.00000000,0.00000000,0.00000000
2.27756680,0.00000000,0.00000079,0.00000028,0.00000024,0.00000035,0.00000057,0.00000063,0.00000000,0.00000000,0.00000000
2.28498559,0.00000000,0.00000076,0.00000028,0.00000024,0.00000035,0.00000056,0.00000058,0.00000000,0.00000000,0.00000000
2.29240437,0.00000000,0.00000076,0.00000028,0.00000023,0.00000034,0.00000054,0.00000055,0.00000000,0.00000000,0.00000000
2.29982315,0.00000000,0.00000073,0.00000027,0.00000023,0.00000034,0.00000054,0.00000055,0.00000000,0.00000000,0.00000000
2.30724194,0.00000000,0.00000073,0.00000027,0.00000023,0.00000033,0.00000055,0.00000058,0.00000000,0.00000000,0.00000000
2.31466072,0.00000000,0.00000073,0.00000026,0.00000023,0.00000033,0.00000052,0.00000056,0.00000000,0.00000000,0.00000000
2.32207951,0.00000000,0.00000073,0.00000026,0.00000022,0.00000033,0.00000053,0.00000056,0.00000000,0.00000000,0.00000000
2.32949829,0.00000000,0.00000073,0.00000026,0.00000022,0.00000031,0.00000052,0.00000052,0.00000000,0.00000000,0.00000000
2.33691708,0.00000000,0.00000072,0.00000026,0.00000022,0.00000032,0.00000051,0.00000055,0.00000000,0.00000000,0.00000000
2.34433586,0.00000000,0.00000070,0.00000026,0.00000022,0.00000031,0.00000050,0.00000053,0.00000000,0.00000000,0.00000000
2.35175465,0.00000000,0.00000070,0.00000025,0.00000022,0.00000031,0.00000050,0.00000051,0.00000000,0.00000000,0.00000000
2.35917343,0.00000000,0.00000069,0.00000025,0.00000021,0.00000030,0.00000048,0.00000055,0.00000000,0.00000000,0.00000000
2.36659221,0.00000000,0.00000067,0.00000025,0.00000021,0.00000030,0.00000049,0.00000056,0.00000000,0.00000000,0.00000000
2.37401100,0.00000000,0.00000069,0.00000025,0.00000021,0.00000030,0.00000049,0.00000055,0.00000000,0.00000000,0.00000000
2.38142978,0.00000000,0.00000067,0.00000024,0.00000021,0.00000029,0.00000048,0.00000052,0.00000000,0.00000000,0.00000000
2.38884857,0.00000000,0.00000065,0.00000024,0.00000020,0.00000030,0.00000046,0.00000051,0.00000000,0.00000000,0.00000000
2.39626735,0.00000000,0.00000065,0.00000024,0.00000021,0.00000029,0.00000048,0.00000050,0.00000000,0.00000000,0.00000000
2.40368614,0.00000000,0.00000064,0.00000024,0.00000020,0.00000028,0.00000046,0.00000051,0.00000000,0.00000000,0.00000000
2.41110492,0.00000000,0.00000065,0.00000023,0.00000020,0.00000028,0.00000046,0.00000048,0.00000000,0.00000000,0.00000000
2.41852370,0.00000000,0.00000063,0.00000022,0.00000020,0.00000028,0.00000045,0.00000048,0.00000000,0.00000000,0.00000000
2.42594249,0.00000000,0.00000064,0.00000023,0.00000019,0.00000028,0.00000045,0.00000046,0.00000000,0.00000000,0.00000000
2.43336127,0.00000000,0.00000062,0.00000023,0.00000019,0.00000028,0.00000043,0.00000042,0.00000000,0.00000000,0.00000000
2.44078006,0.00000000,0.00000061,0.00000022,0.00000019,0.00000027,0.00000045,0.00000044,0.00000000,0.00000000,0.00000000
2.44819884,0.00000000,0.00000060,0.00000022,0.00000019,0.00000026,0.00000044,0.00000046,0.00000000,0.00000000,0.00000000
2.45561763,0.00000000,0.00000060,0.00000022,0.00000019,0.00000026,0.00000042,0.00000045,0.00000000,0.00000000,0.00000000
2.46303641,0.00000000,0.00000059,0.00000021,0.00000018,0.00000026,0.00000041,0.00000044,0.00000000,0.00000000,0.00000000
2.47045520,0.00000000,0.00000058,0.00000022,0.00000018,0.00000025,0.00000043,0.00000043,0.00000000,0.00000000,0.00000000
2.47787398,0.00000000,0.00000059,0.00000021,0.00000018,0.00000026,0.00000041,0.00000044,0.00000000,0.00000000,0.00000000
2.48529276,0.00000000,0.00000058,0.00000021,0.00000018,0.00000025,0.00000041,0.00000041,0.00000000,0.00000000,0.00000000
2.49271155,0.00000000,0.00000058,0.00000021,0.00000018,0.00000025,0.00000041,0.00000041,0.00000000,0.00000000,0.00000000
2.50013033,0.00000000,0.00000056,0.00000020,0.00000018,0.00000025,0.00000040,0.00000043,0.00000000,0.00000000,0.00000000
2.50754912,0.00000000,0.00000057,0.00000020,0.00000018,0.00000024,0.00000041,0.00000043,0.00000000,0.00000000,0.00000000
2.51496790,0.00000000,0.00000056,0.00000020,0.00000017,0.00000024,0.00000040,0.00000042,0.00000000,0.00000000,0.00000000
2.52238669,0.00000000,0.00000054,0.00000020,0.00000017,0.00000024,0.00000038,0.00000039,0.00000000,0.00000000,0.00000000
2.52980547,0.00000000,0.00000055,0.00000019,0.00000017,0.00000024,0.00000039,0.00000041,0.00000000,0.00000000,0.00000000
2.53722425,0.00000000,0.00000052,0.00000018,0.00000016,0.00000022,0.00000036,0.00000042,0.00000000,0.00000000,0.00000000
2.54464304,0.00000000,0.00000048,0.00000017,0.00000015,0.00000021,0.00000034,0.00000041,0.00000000,0.00000000,0.00000000
2.55206182,0.00000000,0.00000047,0.00000017,0.00000014,0.00000020,0.00000034,0.00000040,0.00000000,0.00000000,0.00000000
2.55948061,0.00000000,0.00000045,0.00000017,0.00000014,0.00000020,0.00000033,0.00000040,0.00000000,0.00000000,0.00000000
2.56689939,0.00000000,0.00000046,0.00000017,0.00000014,0.00000020,0.00000032,0.00000036,0.00000000,0.00000000,0.00000000
2.57431818,0.00000000,0.00000045,0.00000016,0.00000014,0.00000020,0.00000032,0.00000036,0.00000000,0.00000000,0.00000000
2.58173696,0.00000000,0.00000045,0.00000016,0.00000014,0.00000020,0.00000032,0.00000038,0.00000000,0.00000000,0.00000000
2.58915575,0.00000000,0.00000045,0.00000016,0.00000014,0.00000019,0.00000032,0.00000037,0.00000000,0.00000000,0.00000000
2.59657453,0.00000000,0.00000043,0.00000016,0.00000014,0.00000019,0.00000031,0.00000036,0.00000000,0.00000000,0.00000000
2.60399331,0.00000000,0.00000043,0.00000016,0.00000013,0.00000019,0.00000031,0.00000035,0.00000000,0.00000000,0.00000000
2.61141210,0.00000000,0.00000042,0.00000015,0.00000013,0.00000018,0.00000031,0.00000033,0.00000000,0.00000000,0.00000000
2.61883088,0.00000000,0.00000042,0.00000015,0.00000013,0.00000019,0.00000029,0.00000035,0.00000000,0.00000000,0.00000000
2.62624967,0.00000000,0.00000041,0.00000015,0.00000013,0.00000018,0.00000030,0.00000036,0.00000000,0.00000000,0.00000000
2.63366845,0.00000000,0.00000041,0.00000015,0.00000013,0.00000018,0.00000029,0.00000034,0.00000000,0.00000000,0.00000000
2.64108724,0.00000000,0.00000041,0.00000014,0.00000012,0.00000018,0.00000029,0.00000034,0.00000000,0.00000000,0.00000000
2.64850602,0.00000000,0.00000039,0.00000014,0.00000013,0.00000018,0.00000029,0.00000031,0.00000000,0.00000000,0.00000000
2.65592480,0.00000000,0.00000039,0.00000014,0.00000012,0.00000017,0.00000028,0.00000032,0.00000000,0.00000000,0.00000000
2.66334359,0.00000000,0.00000038,0.00000014,0.00000012,0.00000017,0.00000029,0.00000030,0.00000000,0.00000000,0.00000000
2.67076237,0.00000000,0.00000038,0.00000014,0.00000012,0.00000017,0.00000026,0.00000031,0.00000000,0.00000000,0.00000000
2.67818116,0.00000000,0.00000037,0.00000014,0.00000012,0.00000017,0.00000027,0.00000032,0.00000000,0.00000000,0.00000000
2.68559994,0.00000000,0.00000038,0.00000013,0.00000012,0.00000016,0.00000027,0.00000031,0.00000000,0.00000000,0.00000000
2.69301873,0.00000000,0.00000036,0.00000013,0.00000012,0.00000017,0.00000026,0.00000031,0.00000000,0.00000000,0.00000000
2.70043751,0.00000000,0.00000036,0.00000013,0.00000011,0.00000016,0.00000026,0.00000029,0.00000000,0.00000000,0.00000000
2.70785630,0.00000000,0.00000036,0.00000013,0.00000011,0.00000016,0.00000026,0.00000030,0.00000000,0.00000000,0.00000000
2.71527508,0.00000000,0.00000035,0.00000013,0.00000011,0.00000016,0.00000026,0.00000029,0.00000000,0.00000000,0.00000000
2.72269386,0.00000000,0.00000035,0.00000013,0.00000011,0.00000016,0.00000025,0.00000029,0.00000000,0.00000000,0.00000000
2.73011265,0.00000000,0.00000034,0.00000013,0.00000011,0.00000016,0.00000025,0.00000028,0.00000000,0.00000000,0.00000000
2.73753143,0.00000000,0.00000035,0.00000012,0.00000011,0.00000015,0.00000024,0.00000028,0.00000000,0.00000000,0.00000000
2.74495022,0.00000000,0.00000034,0.00000012,0.00000011,0.00000015,0.00000025,0.00000028,0.00000000,0.00000000,0.00000000
2.75236900,0.00000000,0.00000034,0.00000012,0.00000010,0.00000015,0.00000024,0.00000029,0.00000000,0.00000000,0.00000000
2.75978779,0.00000000,0.00000033,0.00000012,0.00000011,0.00000015,0.00000024,0.00000029,0.00000000,0.00000000,0.00000000
2.76720657,0.00000000,0.00000033,0.00000012,0.00000010,0.00000015,0.00000024,0.00000027,0.00000000,0.00000000,0.00000000
2.77462535,0.00000000,0.00000033,0.00000012,0.00000010,0.00000014,0.00000024,0.00000027,0.00000000,0.00000000,0.00000000
2.78204414,0.00000000,0.00000032,0.00000011,0.00000010,0.00000014,0.00000023,0.00000027,0.00000000,0.00000000,0.00000000
2.78946292,0.00000000,0.00000032,0.00000011,0.00000010,0.00000014,0.00000024,0.00000026,0.00000000,0.00000000,0.00000000
2.79688171,0.00000000,0.00000032,0.00000012,0.00000010,0.00000014,0.00000023,0.00000026,0.00000000,0.00000000,0.00000000
2.80430049,0.00000000,0.00000031,0.00000011,0.00000010,0.00000013,0.00000022,0.00000026,0.00000000,0.00000000,0.00000000
2.81171928,0.00000000,0.00000031,0.00000011,0.00000010,0.00000013,0.00000023,0.00000026,0.00000000,0.00000000,0.00000000
2.81913806,0.00000000,0.00000031,0.00000011,0.00000010,0.00000014,0.00000021,0.00000025,0.00000000,0.00000000,0.00000000
2.82655685,0.00000000,0.00000030,0.00000011,0.00000009,0.00000013,0.00000022,0.00000025,0.00000000,0.00000000,0.00000000
2.83397563,0.00000000,0.00000030,0.00000011,0.00000009,0.00000013,0.00000021,0.00000026,0.00000000,0.00000000,0.00000000
2.84139441,0.00000000,0.00000029,0.00000011,0.00000009,0.00000013,0.00000021,0.00000024,0.00000000,0.00000000,0.00000000
2.84881320,0.00000000,0.00000029,0.00000011,0.00000009,0.00000013,0.00000020,0.00000024,0.00000000,0.00000000,0.00000000
2.85623198,0.00000000,0.00000029,0.00000010,0.00000009,0.00000013,0.00000020,0.00000024,0.00000000,0.00000000,0.00000000
2.86365077,0.00000000,0.00000029,0.00000011,0.00000009,0.00000013,0.00000021,0.00000024,0.00000000,0.00000000,0.00000000
2.87106955,0.00000000,0.00000028,0.00000010,0.00000009,0.00000013,0.00000021,0.00000025,0.00000000,0.00000000,0.00000000
2.87848834,0.00000000,0.00000028,0.00000010,0.00000009,0.00000012,0.00000021,0.00000024,0.00000000,0.00000000,0.00000000
2.88590712,0.00000000,0.00000028,0.00000010,0.00000008,0.00000012,0.00000020,0.00000023,0.00000000,0.00000000,0.00000000
2.89332590,0.00000000,0.00000027,0.00000010,0.00000008,0.00000012,0.00000020,0.00000023,0.00000000,0.00000000,0.00000000
2.90074469,0.00000000,0.00000027,0.00000010,0.00000008,0.00000012,0.00000019,0.00000023,0.00000000,0.00000000,0.00000000
2.90816347,0.00000000,0.00000027,0.00000010,0.00000008,0.00000011,0.00000019,0.00000021,0.00000000,0.00000000,0.00000000
2.91558226,0.00000000,0.00000026,0.00000010,0.00000008,0.00000011,0.00000019,0.00000020,0.00000000,0.00000000,0.00000000
2.92300104,0.00000000,0.00000027,0.00000009,0.00000008,0.00000011,0.00000018,0.00000021,0.00000000,0.00000000,0.00000000
2.93041983,0.00000000,0.00000026,0.00000009,0.00000008,0.00000011,0.00000018,0.00000019,0.00000000,0.00000000,0.00000000
2.93783861,0.00000000,0.00000026,0.00000009,0.00000008,0.00000011,0.00000018,0.00000019,0.00000000,0.00000000,0.00000000
2.94525740,0.00000000,0.00000025,0.00000009,0.00000008,0.00000010,0.00000017,0.00000019,0.00000000,0.00000000,0.00000000
2.95267618,0.00000000,0.00000025,0.00000009,0.00000007,0.00000010,0.00000017,0.00000019,0.00000000,0.00000000,0.00000000
2.96009496,0.00000000,0.00000024,0.00000009,0.00000007,0.00000010,0.00000016,0.00000019,0.00000000,0.00000000,0.00000000
2.96751375,0.00000000,0.00000025,0.00000009,0.00000007,0.00000010,0.00000017,0.00000019,0.00000000,0.00000000,0.00000000
2.97493253,0.00000000,0.00000025,0.00000009,0.00000007,0.00000010,0.00000016,0.00000019,0.00000000,0.00000000,0.00000000
2.98235132,0.00000000,0.00000024,0.00000009,0.00000007,0.00000010,0.00000016,0.00000020,0.00000000,0.00000000,0.00000000
2.98977010,0.00000000,0.00000024,0.00000008,0.00000007,0.00000010,0.00000016,0.00000018,0.00000000,0.00000000,0.00000000
2.99718889,0.00000000,0.00000023,0.00000008,0.00000007,0.00000009,0.00000016,0.00000017,0.00000000,0.00000000,0.00000000
3.00460767,0.00000000,0.00000023,0.00000008,0.00000007,0.00000009,0.00000015,0.00000016,0.00000000,0.00000000,0.00000000
3.01202645,0.00000000,0.00000023,0.00000008,0.00000007,0.00000009,0.00000015,0.00000018,0.00000000,0.00000000,0.00000000
3.01944524,0.00000000,0.00000022,0.00000008,0.00000007,0.00000009,0.00000015,0.00000018,0.00000000,0.00000000,0.00000000
3.02686402,0.00000000,0.00000022,0.00000008,0.00000006,0.00000009,0.00000015,0.00000017,0.00000000,0.00000000,0.00000000
3.03428281,0.00000000,0.00000021,0.00000008,0.00000006,0.00000009,0.00000014,0.00000016,0.00000000,0.00000000,0.00000000
3.04170159,0.00000000,0.00000021,0.00000007,0.00000006,0.00000009,0.00000014,0.00000015,0.00000000,0.00000000,0.00000000
3.04912038,0.00000000,0.00000020,0.00000007,0.00000006,0.00000008,0.00000014,0.00000015,0.00000000,0.00000000,0.00000000
3.05653916,0.00000000,0.00000019,0.00000007,0.00000006,0.00000008,0.00000014,0.00000015,0.00000000,0.00000000,0.00000000
3.06395794,0.00000000,0.00000019,0.00000007,0.00000006,0.00000008,0.00000014,0.00000015,0.00000000,0.00000000,0.00000000
3.07137673,0.00000000,0.00000018,0.00000007,0.00000006,0.00000008,0.00000013,0.00000015,0.00000000,0.00000000,0.00000000
3.07879551,0.00000000,0.00000018,0.00000007,0.00000006,0.00000008,0.00000013,0.00000016,0.00000000,0.00000000,0.00000000
3.08621430,0.00000000,0.00000017,0.00000006,0.00000006,0.00000008,0.00000013,0.00000015,0.00000000,0.00000000,0.00000000
3.09363308,0.00000000,0.00000017,0.00000006,0.00000006,0.00000008,0.00000013,0.00000015,0.00000000,0.00000000,0.00000000
3.10105187,0.00000000,0.00000015,0.00000006,0.00000006,0.00000008,0.00000013,0.00000015,0.00000000,0.00000000,0.00000000
3.10847065,0.00000000,0.00000015,0.00000006,0.00000006,0.00000008,0.00000012,0.00000014,0.00000000,0.00000000,0.00000000
3.11588944,0.00000000,0.00000014,0.00000006,0.00000005,0.00000007,0.00000012,0.00000014,0.00000000,0.00000000,0.00000000
3.12330822,0.00000000,0.00000013,0.00000005,0.00000005,0.00000007,0.00000012,0.00000013,0.00000000,0.00000000,0.00000000
3.13072700,0.00000000,0.00000013,0.00000005,0.00000005,0.00000007,0.00000012,0.00000013,0.00000000,0.00000000,0.00000000
3.13814579,0.00000000,0.00000012,0.00000005,0.00000005,0.00000007,0.00000011,0.00000013,0.00000000,0.00000000,0.00000000
3.14556457,0.00000000,0.00000012,0.00000005,0.00000005,0.00000007,0.00000011,0.00000014,0.00000000,0.00000000,0.00000000
3.15298336,0.00000000,0.00000011,0.00000005,0.00000005,0.00000006,0.00000011,0.00000012,0.00000000,0.00000000,0.00000000
3.16040214,0.00000000,0.00000010,0.00000005,0.00000005,0.00000006,0.00000011,0.00000012,0.00000000,0.00000000,0.00000000
3.16782093,0.00000000,0.00000010,0.00000004,0.00000005,0.00000006,0.00000011,0.00000012,0.00000000,0.00000000,0.00000000
3.17523971,0.00000000,0.00000010,0.00000004,0.00000005,0.00000006,0.00000010,0.00000012,0.00000000,0.00000000,0.00000000
3.18265849,0.00000000,0.00000009,0.00000004,0.00000004,0.00000006,0.00000010,0.00000011,0.00000000,0.00000000,0.00000000
3.19007728,0.00000000,0.00000009,0.00000004,0.00000004,0.00000006,0.00000009,0.00000011,0.00000000,0.00000000,0.00000000
3.19749606,0.00000000,0.00000009,0.00000004,0.00000004,0.00000005,0.00000009,0.00000010,0.00000000,0.00000000,0.00000000
3.20491485,0.00000000,0.00000008,0.00000004,0.00000004,0.00000005,0.00000008,0.00000010,0.00000000,0.00000000,0.00000000
3.21233363,0.00000000,0.00000008,0.00000004,0.00000004,0.00000005,0.00000008,0.00000010,0.00000000,0.00000000,0.00000000
3.21975242,0.00000000,0.00000007,0.00000004,0.00000004,0.00000005,0.00000008,0.00000010,0.00000000,0.00000000,0.00000000
3.22717120,0.00000000,0.00000007,0.00000003,0.00000004,0.00000004,0.00000007,0.00000008,0.00000000,0.00000000,0.00000000
3.23458999,0.00000000,0.00000007,0.00000003,0.00000003,0.00000004,0.00000006,0.00000008,0.00000000,0.00000000,0.00000000
3.24200877,0.00000000,0.00000007,0.00000003,0.00000003,0.00000004,0.00000006,0.00000007,0.00000000,0.00000000,0.00000000
3.24942755,0.00000000,0.00000007,0.00000003,0.00000003,0.00000003,0.00000006,0.00000006,0.00000000,0.00000000,0.00000000
3.25684634,0.00000000,0.00000006,0.00000003,0.00000003,0.00000003,0.00000005,0.00000006,0.00000000,0.00000000,0.00000000
3.26426512,0.00000000,0.00000006,0.00000003,0.00000003,0.00000003,0.00000005,0.00000006,0.00000000,0.00000000,0.00000000
3.27168391,0.00000000,0.00000006,0.00000003,0.00000003,0.00000003,0.00000006,0.00000007,0.00000000,0.00000000,0.00000000
3.27910269,0.00000000,0.00000007,0.00000003,0.00000003,0.00000003,0.00000005,0.00000006,0.00000000,0.00000000,0.00000000
3.28652148,0.00000000,0.00000006,0.00000003,0.00000003,0.00000003,0.00000006,0.00000006,0.00000000,0.00000000,0.00000000
3.29394026,0.00000000,0.00000007,0.00000003,0.00000002,0.00000003,0.00000005,0.00000005,0.00000000,0.00000000,0.00000000
3.30135904,0.00000000,0.00000006,0.00000003,0.00000002,0.00000003,0.00000005,0.00000006,0.00000000,0.00000000,0.00000000
3.30877783,0.00000000,0.00000006,0.00000003,0.00000002,0.00000002,0.00000005,0.00000006,0.00000000,0.00000000,0.00000000
3.31619661,0.00000000,0.00000006,0.00000002,0.00000002,0.00000002,0.00000004,0.00000004,0.00000000,0.00000000,0.00000000
3.32361540,0.00000000,0.00000007,0.00000002,0.00000002,0.00000002,0.00000004,0.00000004,0.00000000,0.00000000,0.00000000
3.33103418,0.00000000,0.00000005,0.00000002,0.00000002,0.00000002,0.00000004,0.00000003,0.00000000,0.00000000,0.00000000
3.33845297,0.00000000,0.00000005,0.00000002,0.00000002,0.00000002,0.00000003,0.00000003,0.00000000,0.00000000,0.00000000
3.34587175,0.00000000,0.00000005,0.00000002,0.00000002,0.00000001,0.00000003,0.00000002,0.00000000,0.00000000,0.00000000
3.35329054,0.00000000,0.00000005,0.00000002,0.00000001,0.00000001,0.00000003,0.00000002,0.00000000,0.00000000,0.00000000
3.36070932,0.00000000,0.00000005,0.00000002,0.00000001,0.00000001,0.00000002,0.00000002,0.00000000,0.00000000,0.00000000
3.36812810,0.00000000,0.00000005,0.00000002,0.00000001,0.00000001,0.00000002,0.00000001,0.00000000,0.00000000,0.00000000
3.37554689,0.00000000,0.00000005,0.00000002,0.00000001,0.00000001,0.00000002,0.00000001,0.00000000,0.00000000,0.00000000
3.38296567,0.00000000,0.00000005,0.00000002,0.00000001,0.00000001,0.00000002,0.00000001,0.00000000,0.00000000,0.00000000
3.39038446,0.00000000,0.00000005,0.00000002,0.00000001,0.00000001,0.00000002,0.00000001,0.00000000,0.00000000,0.00000000
3.39780324,0.00000000,0.00000005,0.00000002,0.00000001,0.00000001,0.00000002,0.00000001,0.00000000,0.00000000,0.00000000
3.40522203,0.00000000,0.00000004,0.00000002,0.00000001,0.00000001,0.00000002,0.00000000,0.00000000,0.00000000,0.00000000
3.41264081,0.00000000,0.00000004,0.00000001,0.00000001,0.00000001,0.00000002,0.00000001,0.00000000,0.00000000,0.00000000
3.42005959,0.00000000,0.00000004,0.00000001,0.00000001,0.00000001,0.00000002,0.00000001,0.00000000,0.00000000,0.00000000
3.42747838,0.00000000,0.00000003,0.00000001,0.00000001,0.00000001,0.00000002,0.00000001,0.00000000,0.00000000,0.00000000
3.43489716,0.00000000,0.00000003,0.00000001,0.00000001,0.00000001,0.00000002,0.00000001,0.00000000,0.00000000,0.00000000
3.44231595,0.00000000,0.00000003,0.00000001,0.00000001,0.00000001,0.00000002,0.00000001,0.00000000,0.00000000,0.00000000
3.44973473,0.00000000,0.00000003,0.00000001,0.00000001,0.00000001,0.00000002,0.00000001,0.00000000,0.00000000,0.00000000
3.45715352,0.00000000,0.00000003,0.00000001,0.00000001,0.00000001,0.00000002,0.00000001,0.00000000,0.00000000,0.00000000
3.46457230,0.00000000,0.00000002,0.00000001,0.00000001,0.00000001,0.00000002,0.00000001,0.00000000,0.00000000,0.00000000
3.47199109,0.00000000,0.00000002,0.00000001,0.00000001,0.00000001,0.00000002,0.00000001,0.00000000,0.00000000,0.00000000
3.47940987,0.00000000,0.00000002,0.00000001,0.00000001,0.00000001,0.00000002,0.00000001,0.00000000,0.00000000,0.00000000
3.48682865,0.00000000,0.00000002,0.00000001,0.00000001,0.00000001,0.00000002,0.00000001,0.00000000,0.00000000,0.00000000
3.49424744,0.00000000,0.00000001,0.00000001,0.00000001,0.00000001,0.00000002,0.00000001,0.00000000,0.00000000,0.00000000
3.50166622,0.00000000,0.00000001,0.00000001,0.00000001,0.00000001,0.00000002,0.00000001,0.00000000,0.00000000,0.00000000
3.50908501,0.00000000,0.00000001,0.00000001,0.00000001,0.00000001,0.00000002,0.00000002,0.00000000,0.00000000,0.00000000
3.51650379,0.00000000,0.00000001,0.00000001,0.00000001,0.00000001,0.00000002,0.00000001,0.00000000,0.00000000,0.00000000
3.52392258,0.00000000,0.00000001,0.00000001,0.00000001,0.00000001,0.00000002,0.00000001,0.00000000,0.00000000,0.00000000
3.53134136,0.00000000,0.00000001,0.00000001,0.00000001,0.00000001,0.00000002,0.00000002,0.00000000,0.00000000,0.00000000
3.53876014,0.00000000,0.00000001,0.00000001,0.00000001,0.00000001,0.00000002,0.00000002,0.00000000,0.00000000,0.00000000
3.54617893,0.00000000,0.00000001,0.00000001,0.00000001,0.00000001,0.00000002,0.00000002,0.00000000,0.00000000,0.00000000
3.55359771,0.00000000,0.00000001,0.00000001,0.00000001,0.00000001,0.00000002,0.00000001,0.00000000,0.00000000,0.00000000
3.56101650,0.00000000,0.00000001,0.00000001,0.00000001,0.00000001,0.00000002,0.00000002,0.00000000,0.00000000,0.00000000
3.56843528,0.00000000,0.00000001,0.00000001,0.00000001,0.00000001,0.00000002,0.00000002,0.00000000,0.00000000,0.00000000
3.57585407,0.00000000,0.00000001,0.00000001,0.00000001,0.00000001,0.00000002,0.00000001,0.00000000,0.00000000,0.00000000
3.58327285,0.00000000,0.00000001,0.00000001,0.00000001,0.00000001,0.00000002,0.00000002,0.00000000,0.00000000,0.00000000
3.59069164,0.00000000,0.00000001,0.00000001,0.00000001,0.00000001,0.00000002,0.00000001,0.00000000,0.00000000,0.00000000
3.59811042,0.00000000,0.00000001,0.00000001,0.00000001,0.00000001,0.00000002,0.00000002,0.00000000,0.00000000,0.00000000
3.60552920,0.00000000,0.00000001,0.00000001,0.00000001,0.00000001,0.00000002,0.00000002,0.00000000,0.00000000,0.00000000
3.61294799,0.00000000,0.00000001,0.00000001,0.00000001,0.00000001,0.00000001,0.00000001,0.00000000,0.00000000,0.00000000
3.62036677,0.00000000,0.00000001,0.00000001,0.00000001,0.00000001,0.00000002,0.00000002,0.00000000,0.00000000,0.00000000
3.62778556,0.00000000,0.00000001,0.00000001,0.00000001,0.00000001,0.00000002,0.00000002,0.00000000,0.00000000,0.00000000
3.63520434,0.00000000,0.00000001,0.00000001,0.00000001,0.00000002,0.00000001,0.00000001,0.00000000,0.00000000,0.00000000
3.64262313,0.00000000,0.00000001,0.00000001,0.00000001,0.00000001,0.00000001,0.00000001,0.00000000,0.00000000,0.00000000
3.65004191,0.00000000,0.00000001,0.00000001,0.00000001,0.00000001,0.00000002,0.00000002,0.00000000,0.00000000,0.00000000
3.65746069,0.00000000,0.00000001,0.00000001,0.00000001,0.00000001,0.00000001,0.00000001,0.00000000,0.00000000,0.00000000
3.66487948,0.00000000,0.00000001,0.00000001,0.00000001,0.00000001,0.00000001,0.00000001,0.00000000,0.00000000,0.00000000
3.67229826,0.00000000,0.00000001,0.00000001,0.00000001,0.00000001,0.00000001,0.00000002,0.00000000,0.00000000,0.00000000
3.67971705,0.00000000,0.00000001,0.00000001,0.00000001,0.00000001,0.00000002,0.00000001,0.00000000,0.00000000,0.00000000
3.68713583,0.00000000,0.00000002,0.00000001,0.00000002,0.00000002,0.00000002,0.00000002,0.00000000,0.00000000,0.00000000
3.69455462,0.00000000,0.00000002,0.00000001,0.00000002,0.00000002,0.00000003,0.00000004,0.00000000,0.00000000,0.00000000
3.70197340,0.00000000,0.00000004,0.00000003,0.00000003,0.00000004,0.00000005,0.00000007,0.00000000,0.00000000,0.00000000
